46048                            170.500         -43.950           0.000
47048                            170.600         -43.950           0.000
48048                            170.700         -43.950           0.000
49048                            170.800         -43.950           0.000
50048                            170.900         -43.950           0.000
51048                            171.000         -43.950           0.000
52048                            171.100         -43.950           0.000
53048                            171.200         -43.950           0.000
54048                            171.300         -43.950           0.000
55048                            171.400         -43.950           0.000
56048                            171.500         -43.950           0.000
57048                            171.600         -43.950           0.000
58048                            171.700         -43.950           0.000
59048                            171.800         -43.950           0.000
60048                            171.900         -43.950           0.000
61048                            172.000         -43.950           0.000
62048                            172.100         -43.950           0.000
63048                            172.200         -43.950           0.000
64048                            172.300         -43.950           0.000
65048                            172.400         -43.950           0.000
66048                            172.500         -43.950           0.000
67048                            172.600         -43.950           0.000
68048                            172.700         -43.950           0.000
69048                            172.800         -43.950           0.000
70048                            172.900         -43.950           0.000
71048                            173.000         -43.950           0.000
72048                            173.100         -43.950           0.000
73048                            173.200         -43.950           0.000
170048                           182.900         -43.950           0.000
171048                           183.000         -43.950           0.000
172048                           183.100         -43.950           0.000
173048                           183.200         -43.950           0.000
174048                           183.300         -43.950           0.000
175048                           183.400         -43.950           0.000
176048                           183.500         -43.950           0.000
177048                           183.600         -43.950           0.000
178048                           183.700         -43.950           0.000
179048                           183.800         -43.950           0.000
180048                           183.900         -43.950           0.000
181048                           184.000         -43.950           0.000
182048                           184.100         -43.950           0.000
183048                           184.200         -43.950           0.000
184048                           184.300         -43.950           0.000
185048                           184.400         -43.950           0.000
23049                            168.200         -43.875           0.000
24049                            168.300         -43.875           0.000
25049                            168.400         -43.875           0.000
26049                            168.500         -43.875           0.000
27049                            168.600         -43.875           0.000
28049                            168.700         -43.875           0.000
29049                            168.800         -43.875           0.000
30049                            168.900         -43.875           0.000
31049                            169.000         -43.875           0.000
32049                            169.100         -43.875           0.000
33049                            169.200         -43.875           0.000
34049                            169.300         -43.875           0.000
35049                            169.400         -43.875           0.000
36049                            169.500         -43.875           0.000
37049                            169.600         -43.875           0.000
38049                            169.700         -43.875           0.000
39049                            169.800         -43.875           0.000
40049                            169.900         -43.875           0.000
41049                            170.000         -43.875           0.000
42049                            170.100         -43.875           0.000
43049                            170.200         -43.875           0.000
44049                            170.300         -43.875           0.000
45049                            170.400         -43.875           0.000
46049                            170.500         -43.875           0.000
47049                            170.600         -43.875           0.000
48049                            170.700         -43.875           0.000
49049                            170.800         -43.875           0.000
50049                            170.900         -43.875           0.000
51049                            171.000         -43.875           0.000
52049                            171.100         -43.875           0.000
53049                            171.200         -43.875           0.000
54049                            171.300         -43.875           0.000
55049                            171.400         -43.875           0.000
56049                            171.500         -43.875           0.000
57049                            171.600         -43.875           0.000
58049                            171.700         -43.875           0.000
59049                            171.800         -43.875           0.000
60049                            171.900         -43.875           0.000
61049                            172.000         -43.875           0.000
62049                            172.100         -43.875           0.000
63049                            172.200         -43.875           0.000
64049                            172.300         -43.875           0.000
65049                            172.400         -43.875           0.000
66049                            172.500         -43.875           0.000
67049                            172.600         -43.875           0.000
68049                            172.700         -43.875           0.000
69049                            172.800         -43.875           0.000
70049                            172.900         -43.875           0.000
71049                            173.000         -43.875           0.000
72049                            173.100         -43.875           0.000
73049                            173.200         -43.875           0.000
74049                            173.300         -43.875           0.000
170049                           182.900         -43.875           0.000
171049                           183.000         -43.875           0.000
172049                           183.100         -43.875           0.000
173049                           183.200         -43.875           0.000
177046                           183.600         -44.100           0.000
178046                           183.700         -44.100           0.000
179046                           183.800         -44.100           0.000
180046                           183.900         -44.100           0.000
181046                           184.000         -44.100           0.000
182046                           184.100         -44.100           0.000
183046                           184.200         -44.100           0.000
184046                           184.300         -44.100           0.000
21047                            168.000         -44.025           0.000
22047                            168.100         -44.025           0.000
23047                            168.200         -44.025           0.000
24047                            168.300         -44.025           0.000
25047                            168.400         -44.025           0.000
26047                            168.500         -44.025           0.000
27047                            168.600         -44.025           0.000
28047                            168.700         -44.025           0.000
29047                            168.800         -44.025           0.000
30047                            168.900         -44.025           0.000
31047                            169.000         -44.025           0.000
32047                            169.100         -44.025           0.000
33047                            169.200         -44.025           0.000
34047                            169.300         -44.025           0.000
35047                            169.400         -44.025           0.000
36047                            169.500         -44.025           0.000
37047                            169.600         -44.025           0.000
38047                            169.700         -44.025           0.000
39047                            169.800         -44.025           0.000
40047                            169.900         -44.025           0.000
41047                            170.000         -44.025           0.000
42047                            170.100         -44.025           0.000
43047                            170.200         -44.025           0.000
44047                            170.300         -44.025           0.000
45047                            170.400         -44.025           0.000
46047                            170.500         -44.025           0.000
47047                            170.600         -44.025           0.000
48047                            170.700         -44.025           0.000
49047                            170.800         -44.025           0.000
50047                            170.900         -44.025           0.000
51047                            171.000         -44.025           0.000
52047                            171.100         -44.025           0.000
53047                            171.200         -44.025           0.000
54047                            171.300         -44.025           0.000
55047                            171.400         -44.025           0.000
56047                            171.500         -44.025           0.000
57047                            171.600         -44.025           0.000
58047                            171.700         -44.025           0.000
59047                            171.800         -44.025           0.000
60047                            171.900         -44.025           0.000
61047                            172.000         -44.025           0.000
62047                            172.100         -44.025           0.000
63047                            172.200         -44.025           0.000
64047                            172.300         -44.025           0.000
65047                            172.400         -44.025           0.000
66047                            172.500         -44.025           0.000
67047                            172.600         -44.025           0.000
68047                            172.700         -44.025           0.000
69047                            172.800         -44.025           0.000
70047                            172.900         -44.025           0.000
71047                            173.000         -44.025           0.000
72047                            173.100         -44.025           0.000
170047                           182.900         -44.025           0.000
171047                           183.000         -44.025           0.000
172047                           183.100         -44.025           0.000
173047                           183.200         -44.025           0.000
174047                           183.300         -44.025           0.000
175047                           183.400         -44.025           0.000
176047                           183.500         -44.025           0.000
177047                           183.600         -44.025           0.000
178047                           183.700         -44.025           0.000
179047                           183.800         -44.025           0.000
180047                           183.900         -44.025           0.000
181047                           184.000         -44.025           0.000
182047                           184.100         -44.025           0.000
183047                           184.200         -44.025           0.000
184047                           184.300         -44.025           0.000
185047                           184.400         -44.025           0.000
22048                            168.100         -43.950           0.000
23048                            168.200         -43.950           0.000
24048                            168.300         -43.950           0.000
25048                            168.400         -43.950           0.000
26048                            168.500         -43.950           0.000
27048                            168.600         -43.950           0.000
28048                            168.700         -43.950           0.000
29048                            168.800         -43.950           0.000
30048                            168.900         -43.950           0.000
31048                            169.000         -43.950           0.000
32048                            169.100         -43.950           0.000
33048                            169.200         -43.950           0.000
34048                            169.300         -43.950           0.000
35048                            169.400         -43.950           0.000
36048                            169.500         -43.950           0.000
37048                            169.600         -43.950           0.000
38048                            169.700         -43.950           0.000
39048                            169.800         -43.950           0.000
40048                            169.900         -43.950           0.000
41048                            170.000         -43.950           0.000
42048                            170.100         -43.950           0.000
43048                            170.200         -43.950           0.000
44048                            170.300         -43.950           0.000
45048                            170.400         -43.950           0.000
23045                            168.200         -44.175           0.000
24045                            168.300         -44.175           0.000
25045                            168.400         -44.175           0.000
26045                            168.500         -44.175           0.000
27045                            168.600         -44.175           0.000
28045                            168.700         -44.175           0.000
29045                            168.800         -44.175           0.000
30045                            168.900         -44.175           0.000
31045                            169.000         -44.175           0.000
32045                            169.100         -44.175           0.000
33045                            169.200         -44.175           0.000
34045                            169.300         -44.175           0.000
35045                            169.400         -44.175           0.000
36045                            169.500         -44.175           0.000
37045                            169.600         -44.175           0.000
38045                            169.700         -44.175           0.000
39045                            169.800         -44.175           0.000
40045                            169.900         -44.175           0.000
41045                            170.000         -44.175           0.000
42045                            170.100         -44.175           0.000
43045                            170.200         -44.175           0.000
44045                            170.300         -44.175           0.000
45045                            170.400         -44.175           0.000
46045                            170.500         -44.175           0.000
47045                            170.600         -44.175           0.000
48045                            170.700         -44.175           0.000
49045                            170.800         -44.175           0.000
50045                            170.900         -44.175           0.000
51045                            171.000         -44.175           0.000
52045                            171.100         -44.175           0.000
53045                            171.200         -44.175           0.000
54045                            171.300         -44.175           0.000
55045                            171.400         -44.175           0.000
56045                            171.500         -44.175           0.000
57045                            171.600         -44.175           0.000
58045                            171.700         -44.175           0.000
59045                            171.800         -44.175           0.000
60045                            171.900         -44.175           0.000
61045                            172.000         -44.175           0.000
62045                            172.100         -44.175           0.000
173045                           183.200         -44.175           0.000
174045                           183.300         -44.175           0.000
175045                           183.400         -44.175           0.000
176045                           183.500         -44.175           0.000
177045                           183.600         -44.175           0.000
178045                           183.700         -44.175           0.000
179045                           183.800         -44.175           0.000
180045                           183.900         -44.175           0.000
181045                           184.000         -44.175           0.000
182045                           184.100         -44.175           0.000
183045                           184.200         -44.175           0.000
20046                            167.900         -44.100           0.000
21046                            168.000         -44.100           0.000
22046                            168.100         -44.100           0.000
23046                            168.200         -44.100           0.000
24046                            168.300         -44.100           0.000
25046                            168.400         -44.100           0.000
26046                            168.500         -44.100           0.000
27046                            168.600         -44.100           0.000
28046                            168.700         -44.100           0.000
29046                            168.800         -44.100           0.000
30046                            168.900         -44.100           0.000
31046                            169.000         -44.100           0.000
32046                            169.100         -44.100           0.000
33046                            169.200         -44.100           0.000
34046                            169.300         -44.100           0.000
35046                            169.400         -44.100           0.000
36046                            169.500         -44.100           0.000
37046                            169.600         -44.100           0.000
38046                            169.700         -44.100           0.000
39046                            169.800         -44.100           0.000
40046                            169.900         -44.100           0.000
41046                            170.000         -44.100           0.000
42046                            170.100         -44.100           0.000
43046                            170.200         -44.100           0.000
44046                            170.300         -44.100           0.000
45046                            170.400         -44.100           0.000
46046                            170.500         -44.100           0.000
47046                            170.600         -44.100           0.000
48046                            170.700         -44.100           0.000
49046                            170.800         -44.100           0.000
50046                            170.900         -44.100           0.000
51046                            171.000         -44.100           0.000
52046                            171.100         -44.100           0.000
53046                            171.200         -44.100           0.000
54046                            171.300         -44.100           0.000
55046                            171.400         -44.100           0.000
56046                            171.500         -44.100           0.000
57046                            171.600         -44.100           0.000
58046                            171.700         -44.100           0.000
59046                            171.800         -44.100           0.000
60046                            171.900         -44.100           0.000
61046                            172.000         -44.100           0.000
62046                            172.100         -44.100           0.000
63046                            172.200         -44.100           0.000
172046                           183.100         -44.100           0.000
173046                           183.200         -44.100           0.000
174046                           183.300         -44.100           0.000
175046                           183.400         -44.100           0.000
176046                           183.500         -44.100           0.000
26043                            168.500         -44.325           0.000
27043                            168.600         -44.325           0.000
28043                            168.700         -44.325           0.000
29043                            168.800         -44.325           0.000
30043                            168.900         -44.325           0.000
31043                            169.000         -44.325           0.000
32043                            169.100         -44.325           0.000
33043                            169.200         -44.325           0.000
34043                            169.300         -44.325           0.000
35043                            169.400         -44.325           0.000
36043                            169.500         -44.325           0.000
37043                            169.600         -44.325           0.000
38043                            169.700         -44.325           0.000
39043                            169.800         -44.325           0.000
40043                            169.900         -44.325           0.000
41043                            170.000         -44.325           0.000
42043                            170.100         -44.325           0.000
43043                            170.200         -44.325           0.000
44043                            170.300         -44.325           0.000
45043                            170.400         -44.325           0.000
46043                            170.500         -44.325           0.000
47043                            170.600         -44.325           0.000
48043                            170.700         -44.325           0.000
49043                            170.800         -44.325           0.000
50043                            170.900         -44.325           0.000
51043                            171.000         -44.325           0.000
52043                            171.100         -44.325           0.000
53043                            171.200         -44.325           0.000
54043                            171.300         -44.325           0.000
55043                            171.400         -44.325           0.000
56043                            171.500         -44.325           0.000
57043                            171.600         -44.325           0.000
58043                            171.700         -44.325           0.000
175043                           183.400         -44.325           0.000
176043                           183.500         -44.325           0.000
177043                           183.600         -44.325           0.000
178043                           183.700         -44.325           0.000
179043                           183.800         -44.325           0.000
180043                           183.900         -44.325           0.000
181043                           184.000         -44.325           0.000
182043                           184.100         -44.325           0.000
183043                           184.200         -44.325           0.000
184043                           184.300         -44.325           0.000
19044                            167.800         -44.250           0.000
20044                            167.900         -44.250           0.000
21044                            168.000         -44.250           0.000
22044                            168.100         -44.250           0.000
23044                            168.200         -44.250           0.000
24044                            168.300         -44.250           0.000
25044                            168.400         -44.250           0.000
26044                            168.500         -44.250           0.000
27044                            168.600         -44.250           0.000
28044                            168.700         -44.250           0.000
29044                            168.800         -44.250           0.000
30044                            168.900         -44.250           0.000
31044                            169.000         -44.250           0.000
32044                            169.100         -44.250           0.000
33044                            169.200         -44.250           0.000
34044                            169.300         -44.250           0.000
35044                            169.400         -44.250           0.000
36044                            169.500         -44.250           0.000
37044                            169.600         -44.250           0.000
38044                            169.700         -44.250           0.000
39044                            169.800         -44.250           0.000
40044                            169.900         -44.250           0.000
41044                            170.000         -44.250           0.000
42044                            170.100         -44.250           0.000
43044                            170.200         -44.250           0.000
44044                            170.300         -44.250           0.000
45044                            170.400         -44.250           0.000
46044                            170.500         -44.250           0.000
47044                            170.600         -44.250           0.000
48044                            170.700         -44.250           0.000
49044                            170.800         -44.250           0.000
50044                            170.900         -44.250           0.000
51044                            171.000         -44.250           0.000
52044                            171.100         -44.250           0.000
53044                            171.200         -44.250           0.000
54044                            171.300         -44.250           0.000
55044                            171.400         -44.250           0.000
56044                            171.500         -44.250           0.000
57044                            171.600         -44.250           0.000
58044                            171.700         -44.250           0.000
59044                            171.800         -44.250           0.000
60044                            171.900         -44.250           0.000
173044                           183.200         -44.250           0.000
174044                           183.300         -44.250           0.000
175044                           183.400         -44.250           0.000
176044                           183.500         -44.250           0.000
177044                           183.600         -44.250           0.000
178044                           183.700         -44.250           0.000
179044                           183.800         -44.250           0.000
180044                           183.900         -44.250           0.000
181044                           184.000         -44.250           0.000
182044                           184.100         -44.250           0.000
183044                           184.200         -44.250           0.000
184044                           184.300         -44.250           0.000
20045                            167.900         -44.175           0.000
21045                            168.000         -44.175           0.000
22045                            168.100         -44.175           0.000
23041                            168.200         -44.475           0.000
24041                            168.300         -44.475           0.000
25041                            168.400         -44.475           0.000
26041                            168.500         -44.475           0.000
27041                            168.600         -44.475           0.000
28041                            168.700         -44.475           0.000
29041                            168.800         -44.475           0.000
30041                            168.900         -44.475           0.000
31041                            169.000         -44.475           0.000
32041                            169.100         -44.475           0.000
33041                            169.200         -44.475           0.000
34041                            169.300         -44.475           0.000
35041                            169.400         -44.475           0.000
36041                            169.500         -44.475           0.000
37041                            169.600         -44.475           0.000
38041                            169.700         -44.475           0.000
39041                            169.800         -44.475           0.000
40041                            169.900         -44.475           0.000
41041                            170.000         -44.475           0.000
42041                            170.100         -44.475           0.000
43041                            170.200         -44.475           0.000
44041                            170.300         -44.475           0.000
45041                            170.400         -44.475           0.000
46041                            170.500         -44.475           0.000
47041                            170.600         -44.475           0.000
48041                            170.700         -44.475           0.000
49041                            170.800         -44.475           0.000
50041                            170.900         -44.475           0.000
51041                            171.000         -44.475           0.000
52041                            171.100         -44.475           0.000
53041                            171.200         -44.475           0.000
54041                            171.300         -44.475           0.000
55041                            171.400         -44.475           0.000
56041                            171.500         -44.475           0.000
176041                           183.500         -44.475           0.000
177041                           183.600         -44.475           0.000
178041                           183.700         -44.475           0.000
179041                           183.800         -44.475           0.000
180041                           183.900         -44.475           0.000
181041                           184.000         -44.475           0.000
182041                           184.100         -44.475           0.000
183041                           184.200         -44.475           0.000
184041                           184.300         -44.475           0.000
17042                            167.600         -44.400           0.000
18042                            167.700         -44.400           0.000
19042                            167.800         -44.400           0.000
20042                            167.900         -44.400           0.000
21042                            168.000         -44.400           0.000
22042                            168.100         -44.400           0.000
23042                            168.200         -44.400           0.000
24042                            168.300         -44.400           0.000
25042                            168.400         -44.400           0.000
26042                            168.500         -44.400           0.000
27042                            168.600         -44.400           0.000
28042                            168.700         -44.400           0.000
29042                            168.800         -44.400           0.000
30042                            168.900         -44.400           0.000
31042                            169.000         -44.400           0.000
32042                            169.100         -44.400           0.000
33042                            169.200         -44.400           0.000
34042                            169.300         -44.400           0.000
35042                            169.400         -44.400           0.000
36042                            169.500         -44.400           0.000
37042                            169.600         -44.400           0.000
38042                            169.700         -44.400           0.000
39042                            169.800         -44.400           0.000
40042                            169.900         -44.400           0.000
41042                            170.000         -44.400           0.000
42042                            170.100         -44.400           0.000
43042                            170.200         -44.400           0.000
44042                            170.300         -44.400           0.000
45042                            170.400         -44.400           0.000
46042                            170.500         -44.400           0.000
47042                            170.600         -44.400           0.000
48042                            170.700         -44.400           0.000
49042                            170.800         -44.400           0.000
50042                            170.900         -44.400           0.000
51042                            171.000         -44.400           0.000
52042                            171.100         -44.400           0.000
53042                            171.200         -44.400           0.000
54042                            171.300         -44.400           0.000
55042                            171.400         -44.400           0.000
56042                            171.500         -44.400           0.000
176042                           183.500         -44.400           0.000
177042                           183.600         -44.400           0.000
178042                           183.700         -44.400           0.000
179042                           183.800         -44.400           0.000
180042                           183.900         -44.400           0.000
181042                           184.000         -44.400           0.000
182042                           184.100         -44.400           0.000
183042                           184.200         -44.400           0.000
184042                           184.300         -44.400           0.000
18043                            167.700         -44.325           0.000
19043                            167.800         -44.325           0.000
20043                            167.900         -44.325           0.000
21043                            168.000         -44.325           0.000
22043                            168.100         -44.325           0.000
23043                            168.200         -44.325           0.000
24043                            168.300         -44.325           0.000
25043                            168.400         -44.325           0.000
50038                            170.900         -44.700           0.000
51038                            171.000         -44.700           0.000
52038                            171.100         -44.700           0.000
53038                            171.200         -44.700           0.000
54038                            171.300         -44.700           0.000
55038                            171.400         -44.700           0.000
14039                            167.300         -44.625           0.000
15039                            167.400         -44.625           0.000
16039                            167.500         -44.625           0.000
17039                            167.600         -44.625           0.000
18039                            167.700         -44.625           0.000
19039                            167.800         -44.625           0.000
20039                            167.900         -44.625           0.000
21039                            168.000         -44.625           0.000
22039                            168.100         -44.625           0.000
23039                            168.200         -44.625           0.000
24039                            168.300         -44.625           0.000
25039                            168.400         -44.625           0.000
26039                            168.500         -44.625           0.000
27039                            168.600         -44.625           0.000
28039                            168.700         -44.625           0.000
29039                            168.800         -44.625           0.000
30039                            168.900         -44.625           0.000
31039                            169.000         -44.625           0.000
32039                            169.100         -44.625           0.000
33039                            169.200         -44.625           0.000
34039                            169.300         -44.625           0.000
35039                            169.400         -44.625           0.000
36039                            169.500         -44.625           0.000
37039                            169.600         -44.625           0.000
38039                            169.700         -44.625           0.000
39039                            169.800         -44.625           0.000
40039                            169.900         -44.625           0.000
41039                            170.000         -44.625           0.000
42039                            170.100         -44.625           0.000
43039                            170.200         -44.625           0.000
44039                            170.300         -44.625           0.000
45039                            170.400         -44.625           0.000
46039                            170.500         -44.625           0.000
47039                            170.600         -44.625           0.000
48039                            170.700         -44.625           0.000
49039                            170.800         -44.625           0.000
50039                            170.900         -44.625           0.000
51039                            171.000         -44.625           0.000
52039                            171.100         -44.625           0.000
53039                            171.200         -44.625           0.000
54039                            171.300         -44.625           0.000
55039                            171.400         -44.625           0.000
15040                            167.400         -44.550           0.000
16040                            167.500         -44.550           0.000
17040                            167.600         -44.550           0.000
18040                            167.700         -44.550           0.000
19040                            167.800         -44.550           0.000
20040                            167.900         -44.550           0.000
21040                            168.000         -44.550           0.000
22040                            168.100         -44.550           0.000
23040                            168.200         -44.550           0.000
24040                            168.300         -44.550           0.000
25040                            168.400         -44.550           0.000
26040                            168.500         -44.550           0.000
27040                            168.600         -44.550           0.000
28040                            168.700         -44.550           0.000
29040                            168.800         -44.550           0.000
30040                            168.900         -44.550           0.000
31040                            169.000         -44.550           0.000
32040                            169.100         -44.550           0.000
33040                            169.200         -44.550           0.000
34040                            169.300         -44.550           0.000
35040                            169.400         -44.550           0.000
36040                            169.500         -44.550           0.000
37040                            169.600         -44.550           0.000
38040                            169.700         -44.550           0.000
39040                            169.800         -44.550           0.000
40040                            169.900         -44.550           0.000
41040                            170.000         -44.550           0.000
42040                            170.100         -44.550           0.000
43040                            170.200         -44.550           0.000
44040                            170.300         -44.550           0.000
45040                            170.400         -44.550           0.000
46040                            170.500         -44.550           0.000
47040                            170.600         -44.550           0.000
48040                            170.700         -44.550           0.000
49040                            170.800         -44.550           0.000
50040                            170.900         -44.550           0.000
51040                            171.000         -44.550           0.000
52040                            171.100         -44.550           0.000
53040                            171.200         -44.550           0.000
54040                            171.300         -44.550           0.000
55040                            171.400         -44.550           0.000
177040                           183.600         -44.550           0.000
178040                           183.700         -44.550           0.000
179040                           183.800         -44.550           0.000
180040                           183.900         -44.550           0.000
16041                            167.500         -44.475           0.000
17041                            167.600         -44.475           0.000
18041                            167.700         -44.475           0.000
19041                            167.800         -44.475           0.000
20041                            167.900         -44.475           0.000
21041                            168.000         -44.475           0.000
22041                            168.100         -44.475           0.000
37036                            169.600         -44.850           0.000
38036                            169.700         -44.850           0.000
39036                            169.800         -44.850           0.000
40036                            169.900         -44.850           0.000
41036                            170.000         -44.850           0.000
42036                            170.100         -44.850           0.000
43036                            170.200         -44.850           0.000
44036                            170.300         -44.850           0.000
45036                            170.400         -44.850           0.000
46036                            170.500         -44.850           0.000
47036                            170.600         -44.850           0.000
48036                            170.700         -44.850           0.000
49036                            170.800         -44.850           0.000
50036                            170.900         -44.850           0.000
51036                            171.000         -44.850           0.000
52036                            171.100         -44.850           0.000
53036                            171.200         -44.850           0.000
54036                            171.300         -44.850           0.000
55036                            171.400         -44.850           0.000
12037                            167.100         -44.775           0.000
13037                            167.200         -44.775           0.000
14037                            167.300         -44.775           0.000
15037                            167.400         -44.775           0.000
16037                            167.500         -44.775           0.000
17037                            167.600         -44.775           0.000
18037                            167.700         -44.775           0.000
19037                            167.800         -44.775           0.000
20037                            167.900         -44.775           0.000
21037                            168.000         -44.775           0.000
22037                            168.100         -44.775           0.000
23037                            168.200         -44.775           0.000
24037                            168.300         -44.775           0.000
25037                            168.400         -44.775           0.000
26037                            168.500         -44.775           0.000
27037                            168.600         -44.775           0.000
28037                            168.700         -44.775           0.000
29037                            168.800         -44.775           0.000
30037                            168.900         -44.775           0.000
31037                            169.000         -44.775           0.000
32037                            169.100         -44.775           0.000
33037                            169.200         -44.775           0.000
34037                            169.300         -44.775           0.000
35037                            169.400         -44.775           0.000
36037                            169.500         -44.775           0.000
37037                            169.600         -44.775           0.000
38037                            169.700         -44.775           0.000
39037                            169.800         -44.775           0.000
40037                            169.900         -44.775           0.000
41037                            170.000         -44.775           0.000
42037                            170.100         -44.775           0.000
43037                            170.200         -44.775           0.000
44037                            170.300         -44.775           0.000
45037                            170.400         -44.775           0.000
46037                            170.500         -44.775           0.000
47037                            170.600         -44.775           0.000
48037                            170.700         -44.775           0.000
49037                            170.800         -44.775           0.000
50037                            170.900         -44.775           0.000
51037                            171.000         -44.775           0.000
52037                            171.100         -44.775           0.000
53037                            171.200         -44.775           0.000
54037                            171.300         -44.775           0.000
55037                            171.400         -44.775           0.000
13038                            167.200         -44.700           0.000
14038                            167.300         -44.700           0.000
15038                            167.400         -44.700           0.000
16038                            167.500         -44.700           0.000
17038                            167.600         -44.700           0.000
18038                            167.700         -44.700           0.000
19038                            167.800         -44.700           0.000
20038                            167.900         -44.700           0.000
21038                            168.000         -44.700           0.000
22038                            168.100         -44.700           0.000
23038                            168.200         -44.700           0.000
24038                            168.300         -44.700           0.000
25038                            168.400         -44.700           0.000
26038                            168.500         -44.700           0.000
27038                            168.600         -44.700           0.000
28038                            168.700         -44.700           0.000
29038                            168.800         -44.700           0.000
30038                            168.900         -44.700           0.000
31038                            169.000         -44.700           0.000
32038                            169.100         -44.700           0.000
33038                            169.200         -44.700           0.000
34038                            169.300         -44.700           0.000
35038                            169.400         -44.700           0.000
36038                            169.500         -44.700           0.000
37038                            169.600         -44.700           0.000
38038                            169.700         -44.700           0.000
39038                            169.800         -44.700           0.000
40038                            169.900         -44.700           0.000
41038                            170.000         -44.700           0.000
42038                            170.100         -44.700           0.000
43038                            170.200         -44.700           0.000
44038                            170.300         -44.700           0.000
45038                            170.400         -44.700           0.000
46038                            170.500         -44.700           0.000
47038                            170.600         -44.700           0.000
48038                            170.700         -44.700           0.000
49038                            170.800         -44.700           0.000
27034                            168.600         -45.000           0.000
28034                            168.700         -45.000           0.000
29034                            168.800         -45.000           0.000
30034                            168.900         -45.000           0.000
31034                            169.000         -45.000           0.000
32034                            169.100         -45.000           0.000
33034                            169.200         -45.000           0.000
34034                            169.300         -45.000           0.000
35034                            169.400         -45.000           0.000
36034                            169.500         -45.000           0.000
37034                            169.600         -45.000           0.000
38034                            169.700         -45.000           0.000
39034                            169.800         -45.000           0.000
40034                            169.900         -45.000           0.000
41034                            170.000         -45.000           0.000
42034                            170.100         -45.000           0.000
43034                            170.200         -45.000           0.000
44034                            170.300         -45.000           0.000
45034                            170.400         -45.000           0.000
46034                            170.500         -45.000           0.000
47034                            170.600         -45.000           0.000
48034                            170.700         -45.000           0.000
49034                            170.800         -45.000           0.000
50034                            170.900         -45.000           0.000
51034                            171.000         -45.000           0.000
52034                            171.100         -45.000           0.000
53034                            171.200         -45.000           0.000
54034                            171.300         -45.000           0.000
10035                            166.900         -44.925           0.000
11035                            167.000         -44.925           0.000
12035                            167.100         -44.925           0.000
13035                            167.200         -44.925           0.000
14035                            167.300         -44.925           0.000
15035                            167.400         -44.925           0.000
16035                            167.500         -44.925           0.000
17035                            167.600         -44.925           0.000
18035                            167.700         -44.925           0.000
19035                            167.800         -44.925           0.000
20035                            167.900         -44.925           0.000
21035                            168.000         -44.925           0.000
22035                            168.100         -44.925           0.000
23035                            168.200         -44.925           0.000
24035                            168.300         -44.925           0.000
25035                            168.400         -44.925           0.000
26035                            168.500         -44.925           0.000
27035                            168.600         -44.925           0.000
28035                            168.700         -44.925           0.000
29035                            168.800         -44.925           0.000
30035                            168.900         -44.925           0.000
31035                            169.000         -44.925           0.000
32035                            169.100         -44.925           0.000
33035                            169.200         -44.925           0.000
34035                            169.300         -44.925           0.000
35035                            169.400         -44.925           0.000
36035                            169.500         -44.925           0.000
37035                            169.600         -44.925           0.000
38035                            169.700         -44.925           0.000
39035                            169.800         -44.925           0.000
40035                            169.900         -44.925           0.000
41035                            170.000         -44.925           0.000
42035                            170.100         -44.925           0.000
43035                            170.200         -44.925           0.000
44035                            170.300         -44.925           0.000
45035                            170.400         -44.925           0.000
46035                            170.500         -44.925           0.000
47035                            170.600         -44.925           0.000
48035                            170.700         -44.925           0.000
49035                            170.800         -44.925           0.000
50035                            170.900         -44.925           0.000
51035                            171.000         -44.925           0.000
52035                            171.100         -44.925           0.000
53035                            171.200         -44.925           0.000
54035                            171.300         -44.925           0.000
55035                            171.400         -44.925           0.000
11036                            167.000         -44.850           0.000
12036                            167.100         -44.850           0.000
13036                            167.200         -44.850           0.000
14036                            167.300         -44.850           0.000
15036                            167.400         -44.850           0.000
16036                            167.500         -44.850           0.000
17036                            167.600         -44.850           0.000
18036                            167.700         -44.850           0.000
19036                            167.800         -44.850           0.000
20036                            167.900         -44.850           0.000
21036                            168.000         -44.850           0.000
22036                            168.100         -44.850           0.000
23036                            168.200         -44.850           0.000
24036                            168.300         -44.850           0.000
25036                            168.400         -44.850           0.000
26036                            168.500         -44.850           0.000
27036                            168.600         -44.850           0.000
28036                            168.700         -44.850           0.000
29036                            168.800         -44.850           0.000
30036                            168.900         -44.850           0.000
31036                            169.000         -44.850           0.000
32036                            169.100         -44.850           0.000
33036                            169.200         -44.850           0.000
34036                            169.300         -44.850           0.000
35036                            169.400         -44.850           0.000
36036                            169.500         -44.850           0.000
18032                            167.700         -45.150           0.000
19032                            167.800         -45.150           0.000
20032                            167.900         -45.150           0.000
21032                            168.000         -45.150           0.000
22032                            168.100         -45.150           0.000
23032                            168.200         -45.150           0.000
24032                            168.300         -45.150           0.000
25032                            168.400         -45.150           0.000
26032                            168.500         -45.150           0.000
27032                            168.600         -45.150           0.000
28032                            168.700         -45.150           0.000
29032                            168.800         -45.150           0.000
30032                            168.900         -45.150           0.000
31032                            169.000         -45.150           0.000
32032                            169.100         -45.150           0.000
33032                            169.200         -45.150           0.000
34032                            169.300         -45.150           0.000
35032                            169.400         -45.150           0.000
36032                            169.500         -45.150           0.000
37032                            169.600         -45.150           0.000
38032                            169.700         -45.150           0.000
39032                            169.800         -45.150           0.000
40032                            169.900         -45.150           0.000
41032                            170.000         -45.150           0.000
42032                            170.100         -45.150           0.000
43032                            170.200         -45.150           0.000
44032                            170.300         -45.150           0.000
45032                            170.400         -45.150           0.000
46032                            170.500         -45.150           0.000
47032                            170.600         -45.150           0.000
48032                            170.700         -45.150           0.000
49032                            170.800         -45.150           0.000
50032                            170.900         -45.150           0.000
51032                            171.000         -45.150           0.000
52032                            171.100         -45.150           0.000
53032                            171.200         -45.150           0.000
9033                             166.800         -45.075           0.000
10033                            166.900         -45.075           0.000
11033                            167.000         -45.075           0.000
12033                            167.100         -45.075           0.000
13033                            167.200         -45.075           0.000
14033                            167.300         -45.075           0.000
15033                            167.400         -45.075           0.000
16033                            167.500         -45.075           0.000
17033                            167.600         -45.075           0.000
18033                            167.700         -45.075           0.000
19033                            167.800         -45.075           0.000
20033                            167.900         -45.075           0.000
21033                            168.000         -45.075           0.000
22033                            168.100         -45.075           0.000
23033                            168.200         -45.075           0.000
24033                            168.300         -45.075           0.000
25033                            168.400         -45.075           0.000
26033                            168.500         -45.075           0.000
27033                            168.600         -45.075           0.000
28033                            168.700         -45.075           0.000
29033                            168.800         -45.075           0.000
30033                            168.900         -45.075           0.000
31033                            169.000         -45.075           0.000
32033                            169.100         -45.075           0.000
33033                            169.200         -45.075           0.000
34033                            169.300         -45.075           0.000
35033                            169.400         -45.075           0.000
36033                            169.500         -45.075           0.000
37033                            169.600         -45.075           0.000
38033                            169.700         -45.075           0.000
39033                            169.800         -45.075           0.000
40033                            169.900         -45.075           0.000
41033                            170.000         -45.075           0.000
42033                            170.100         -45.075           0.000
43033                            170.200         -45.075           0.000
44033                            170.300         -45.075           0.000
45033                            170.400         -45.075           0.000
46033                            170.500         -45.075           0.000
47033                            170.600         -45.075           0.000
48033                            170.700         -45.075           0.000
49033                            170.800         -45.075           0.000
50033                            170.900         -45.075           0.000
51033                            171.000         -45.075           0.000
52033                            171.100         -45.075           0.000
53033                            171.200         -45.075           0.000
54033                            171.300         -45.075           0.000
9034                             166.800         -45.000           0.000
10034                            166.900         -45.000           0.000
11034                            167.000         -45.000           0.000
12034                            167.100         -45.000           0.000
13034                            167.200         -45.000           0.000
14034                            167.300         -45.000           0.000
15034                            167.400         -45.000           0.000
16034                            167.500         -45.000           0.000
17034                            167.600         -45.000           0.000
18034                            167.700         -45.000           0.000
19034                            167.800         -45.000           0.000
20034                            167.900         -45.000           0.000
21034                            168.000         -45.000           0.000
22034                            168.100         -45.000           0.000
23034                            168.200         -45.000           0.000
24034                            168.300         -45.000           0.000
25034                            168.400         -45.000           0.000
26034                            168.500         -45.000           0.000
9030                             166.800         -45.300           0.000
10030                            166.900         -45.300           0.000
11030                            167.000         -45.300           0.000
12030                            167.100         -45.300           0.000
13030                            167.200         -45.300           0.000
14030                            167.300         -45.300           0.000
15030                            167.400         -45.300           0.000
16030                            167.500         -45.300           0.000
17030                            167.600         -45.300           0.000
18030                            167.700         -45.300           0.000
19030                            167.800         -45.300           0.000
20030                            167.900         -45.300           0.000
21030                            168.000         -45.300           0.000
22030                            168.100         -45.300           0.000
23030                            168.200         -45.300           0.000
24030                            168.300         -45.300           0.000
25030                            168.400         -45.300           0.000
26030                            168.500         -45.300           0.000
27030                            168.600         -45.300           0.000
28030                            168.700         -45.300           0.000
29030                            168.800         -45.300           0.000
30030                            168.900         -45.300           0.000
31030                            169.000         -45.300           0.000
32030                            169.100         -45.300           0.000
33030                            169.200         -45.300           0.000
34030                            169.300         -45.300           0.000
35030                            169.400         -45.300           0.000
36030                            169.500         -45.300           0.000
37030                            169.600         -45.300           0.000
38030                            169.700         -45.300           0.000
39030                            169.800         -45.300           0.000
40030                            169.900         -45.300           0.000
41030                            170.000         -45.300           0.000
42030                            170.100         -45.300           0.000
43030                            170.200         -45.300           0.000
44030                            170.300         -45.300           0.000
45030                            170.400         -45.300           0.000
46030                            170.500         -45.300           0.000
47030                            170.600         -45.300           0.000
48030                            170.700         -45.300           0.000
49030                            170.800         -45.300           0.000
50030                            170.900         -45.300           0.000
51030                            171.000         -45.300           0.000
52030                            171.100         -45.300           0.000
7031                             166.600         -45.225           0.000
8031                             166.700         -45.225           0.000
9031                             166.800         -45.225           0.000
10031                            166.900         -45.225           0.000
11031                            167.000         -45.225           0.000
12031                            167.100         -45.225           0.000
13031                            167.200         -45.225           0.000
14031                            167.300         -45.225           0.000
15031                            167.400         -45.225           0.000
16031                            167.500         -45.225           0.000
17031                            167.600         -45.225           0.000
18031                            167.700         -45.225           0.000
19031                            167.800         -45.225           0.000
20031                            167.900         -45.225           0.000
21031                            168.000         -45.225           0.000
22031                            168.100         -45.225           0.000
23031                            168.200         -45.225           0.000
24031                            168.300         -45.225           0.000
25031                            168.400         -45.225           0.000
26031                            168.500         -45.225           0.000
27031                            168.600         -45.225           0.000
28031                            168.700         -45.225           0.000
29031                            168.800         -45.225           0.000
30031                            168.900         -45.225           0.000
31031                            169.000         -45.225           0.000
32031                            169.100         -45.225           0.000
33031                            169.200         -45.225           0.000
34031                            169.300         -45.225           0.000
35031                            169.400         -45.225           0.000
36031                            169.500         -45.225           0.000
37031                            169.600         -45.225           0.000
38031                            169.700         -45.225           0.000
39031                            169.800         -45.225           0.000
40031                            169.900         -45.225           0.000
41031                            170.000         -45.225           0.000
42031                            170.100         -45.225           0.000
43031                            170.200         -45.225           0.000
44031                            170.300         -45.225           0.000
45031                            170.400         -45.225           0.000
46031                            170.500         -45.225           0.000
47031                            170.600         -45.225           0.000
48031                            170.700         -45.225           0.000
49031                            170.800         -45.225           0.000
50031                            170.900         -45.225           0.000
51031                            171.000         -45.225           0.000
52031                            171.100         -45.225           0.000
8032                             166.700         -45.150           0.000
9032                             166.800         -45.150           0.000
10032                            166.900         -45.150           0.000
11032                            167.000         -45.150           0.000
12032                            167.100         -45.150           0.000
13032                            167.200         -45.150           0.000
14032                            167.300         -45.150           0.000
15032                            167.400         -45.150           0.000
16032                            167.500         -45.150           0.000
17032                            167.600         -45.150           0.000
75076                            173.400         -41.850           0.000
76076                            173.500         -41.850           0.000
77076                            173.600         -41.850           0.000
78076                            173.700         -41.850           0.000
79076                            173.800         -41.850           0.000
80076                            173.900         -41.850           0.000
81076                            174.000         -41.850           0.000
82076                            174.100         -41.850           0.000
83076                            174.200         -41.850           0.000
84076                            174.300         -41.850           0.000
85076                            174.400         -41.850           0.000
53077                            171.200         -41.775           0.000
54077                            171.300         -41.775           0.000
55077                            171.400         -41.775           0.000
56077                            171.500         -41.775           0.000
57077                            171.600         -41.775           0.000
58077                            171.700         -41.775           0.000
59077                            171.800         -41.775           0.000
60077                            171.900         -41.775           0.000
61077                            172.000         -41.775           0.000
62077                            172.100         -41.775           0.000
63077                            172.200         -41.775           0.000
64077                            172.300         -41.775           0.000
65077                            172.400         -41.775           0.000
66077                            172.500         -41.775           0.000
67077                            172.600         -41.775           0.000
68077                            172.700         -41.775           0.000
69077                            172.800         -41.775           0.000
70077                            172.900         -41.775           0.000
71077                            173.000         -41.775           0.000
72077                            173.100         -41.775           0.000
73077                            173.200         -41.775           0.000
74077                            173.300         -41.775           0.000
75077                            173.400         -41.775           0.000
76077                            173.500         -41.775           0.000
77077                            173.600         -41.775           0.000
78077                            173.700         -41.775           0.000
79077                            173.800         -41.775           0.000
80077                            173.900         -41.775           0.000
81077                            174.000         -41.775           0.000
82077                            174.100         -41.775           0.000
83077                            174.200         -41.775           0.000
84077                            174.300         -41.775           0.000
85077                            174.400         -41.775           0.000
86077                            174.500         -41.775           0.000
94077                            175.300         -41.775           0.000
95077                            175.400         -41.775           0.000
54078                            171.300         -41.700           0.000
55078                            171.400         -41.700           0.000
56078                            171.500         -41.700           0.000
57078                            171.600         -41.700           0.000
58078                            171.700         -41.700           0.000
59078                            171.800         -41.700           0.000
60078                            171.900         -41.700           0.000
61078                            172.000         -41.700           0.000
62078                            172.100         -41.700           0.000
63078                            172.200         -41.700           0.000
64078                            172.300         -41.700           0.000
65078                            172.400         -41.700           0.000
66078                            172.500         -41.700           0.000
67078                            172.600         -41.700           0.000
68078                            172.700         -41.700           0.000
69078                            172.800         -41.700           0.000
70078                            172.900         -41.700           0.000
71078                            173.000         -41.700           0.000
72078                            173.100         -41.700           0.000
73078                            173.200         -41.700           0.000
74078                            173.300         -41.700           0.000
75078                            173.400         -41.700           0.000
76078                            173.500         -41.700           0.000
77078                            173.600         -41.700           0.000
78078                            173.700         -41.700           0.000
79078                            173.800         -41.700           0.000
80078                            173.900         -41.700           0.000
81078                            174.000         -41.700           0.000
82078                            174.100         -41.700           0.000
83078                            174.200         -41.700           0.000
84078                            174.300         -41.700           0.000
85078                            174.400         -41.700           0.000
86078                            174.500         -41.700           0.000
92078                            175.100         -41.700           0.000
93078                            175.200         -41.700           0.000
94078                            175.300         -41.700           0.000
95078                            175.400         -41.700           0.000
96078                            175.500         -41.700           0.000
97078                            175.600         -41.700           0.000
54079                            171.300         -41.625           0.000
55079                            171.400         -41.625           0.000
56079                            171.500         -41.625           0.000
57079                            171.600         -41.625           0.000
58079                            171.700         -41.625           0.000
59079                            171.800         -41.625           0.000
60079                            171.900         -41.625           0.000
61079                            172.000         -41.625           0.000
62079                            172.100         -41.625           0.000
63079                            172.200         -41.625           0.000
64079                            172.300         -41.625           0.000
65079                            172.400         -41.625           0.000
66079                            172.500         -41.625           0.000
67079                            172.600         -41.625           0.000
45027                            170.400         -45.525           0.000
46027                            170.500         -45.525           0.000
47027                            170.600         -45.525           0.000
48027                            170.700         -45.525           0.000
49027                            170.800         -45.525           0.000
50027                            170.900         -45.525           0.000
51027                            171.000         -45.525           0.000
6028                             166.500         -45.450           0.000
7028                             166.600         -45.450           0.000
8028                             166.700         -45.450           0.000
9028                             166.800         -45.450           0.000
10028                            166.900         -45.450           0.000
11028                            167.000         -45.450           0.000
12028                            167.100         -45.450           0.000
13028                            167.200         -45.450           0.000
14028                            167.300         -45.450           0.000
15028                            167.400         -45.450           0.000
16028                            167.500         -45.450           0.000
17028                            167.600         -45.450           0.000
18028                            167.700         -45.450           0.000
19028                            167.800         -45.450           0.000
20028                            167.900         -45.450           0.000
21028                            168.000         -45.450           0.000
22028                            168.100         -45.450           0.000
23028                            168.200         -45.450           0.000
24028                            168.300         -45.450           0.000
25028                            168.400         -45.450           0.000
26028                            168.500         -45.450           0.000
27028                            168.600         -45.450           0.000
28028                            168.700         -45.450           0.000
29028                            168.800         -45.450           0.000
30028                            168.900         -45.450           0.000
31028                            169.000         -45.450           0.000
32028                            169.100         -45.450           0.000
33028                            169.200         -45.450           0.000
34028                            169.300         -45.450           0.000
35028                            169.400         -45.450           0.000
36028                            169.500         -45.450           0.000
37028                            169.600         -45.450           0.000
38028                            169.700         -45.450           0.000
39028                            169.800         -45.450           0.000
40028                            169.900         -45.450           0.000
41028                            170.000         -45.450           0.000
42028                            170.100         -45.450           0.000
43028                            170.200         -45.450           0.000
44028                            170.300         -45.450           0.000
45028                            170.400         -45.450           0.000
46028                            170.500         -45.450           0.000
47028                            170.600         -45.450           0.000
48028                            170.700         -45.450           0.000
49028                            170.800         -45.450           0.000
50028                            170.900         -45.450           0.000
51028                            171.000         -45.450           0.000
7029                             166.600         -45.375           0.000
8029                             166.700         -45.375           0.000
9029                             166.800         -45.375           0.000
10029                            166.900         -45.375           0.000
11029                            167.000         -45.375           0.000
12029                            167.100         -45.375           0.000
13029                            167.200         -45.375           0.000
14029                            167.300         -45.375           0.000
15029                            167.400         -45.375           0.000
16029                            167.500         -45.375           0.000
17029                            167.600         -45.375           0.000
18029                            167.700         -45.375           0.000
19029                            167.800         -45.375           0.000
20029                            167.900         -45.375           0.000
21029                            168.000         -45.375           0.000
22029                            168.100         -45.375           0.000
23029                            168.200         -45.375           0.000
24029                            168.300         -45.375           0.000
25029                            168.400         -45.375           0.000
26029                            168.500         -45.375           0.000
27029                            168.600         -45.375           0.000
28029                            168.700         -45.375           0.000
29029                            168.800         -45.375           0.000
30029                            168.900         -45.375           0.000
31029                            169.000         -45.375           0.000
32029                            169.100         -45.375           0.000
33029                            169.200         -45.375           0.000
34029                            169.300         -45.375           0.000
35029                            169.400         -45.375           0.000
36029                            169.500         -45.375           0.000
37029                            169.600         -45.375           0.000
38029                            169.700         -45.375           0.000
39029                            169.800         -45.375           0.000
40029                            169.900         -45.375           0.000
41029                            170.000         -45.375           0.000
42029                            170.100         -45.375           0.000
43029                            170.200         -45.375           0.000
44029                            170.300         -45.375           0.000
45029                            170.400         -45.375           0.000
46029                            170.500         -45.375           0.000
47029                            170.600         -45.375           0.000
48029                            170.700         -45.375           0.000
49029                            170.800         -45.375           0.000
50029                            170.900         -45.375           0.000
51029                            171.000         -45.375           0.000
7030                             166.600         -45.300           0.000
8030                             166.700         -45.300           0.000
38025                            169.700         -45.675           0.000
39025                            169.800         -45.675           0.000
40025                            169.900         -45.675           0.000
41025                            170.000         -45.675           0.000
42025                            170.100         -45.675           0.000
43025                            170.200         -45.675           0.000
44025                            170.300         -45.675           0.000
45025                            170.400         -45.675           0.000
46025                            170.500         -45.675           0.000
47025                            170.600         -45.675           0.000
48025                            170.700         -45.675           0.000
49025                            170.800         -45.675           0.000
50025                            170.900         -45.675           0.000
4026                             166.300         -45.600           0.000
5026                             166.400         -45.600           0.000
6026                             166.500         -45.600           0.000
7026                             166.600         -45.600           0.000
8026                             166.700         -45.600           0.000
9026                             166.800         -45.600           0.000
10026                            166.900         -45.600           0.000
11026                            167.000         -45.600           0.000
12026                            167.100         -45.600           0.000
13026                            167.200         -45.600           0.000
14026                            167.300         -45.600           0.000
15026                            167.400         -45.600           0.000
16026                            167.500         -45.600           0.000
17026                            167.600         -45.600           0.000
18026                            167.700         -45.600           0.000
19026                            167.800         -45.600           0.000
20026                            167.900         -45.600           0.000
21026                            168.000         -45.600           0.000
22026                            168.100         -45.600           0.000
23026                            168.200         -45.600           0.000
24026                            168.300         -45.600           0.000
25026                            168.400         -45.600           0.000
26026                            168.500         -45.600           0.000
27026                            168.600         -45.600           0.000
28026                            168.700         -45.600           0.000
29026                            168.800         -45.600           0.000
30026                            168.900         -45.600           0.000
31026                            169.000         -45.600           0.000
32026                            169.100         -45.600           0.000
33026                            169.200         -45.600           0.000
34026                            169.300         -45.600           0.000
35026                            169.400         -45.600           0.000
36026                            169.500         -45.600           0.000
37026                            169.600         -45.600           0.000
38026                            169.700         -45.600           0.000
39026                            169.800         -45.600           0.000
40026                            169.900         -45.600           0.000
41026                            170.000         -45.600           0.000
42026                            170.100         -45.600           0.000
43026                            170.200         -45.600           0.000
44026                            170.300         -45.600           0.000
45026                            170.400         -45.600           0.000
46026                            170.500         -45.600           0.000
47026                            170.600         -45.600           0.000
48026                            170.700         -45.600           0.000
49026                            170.800         -45.600           0.000
50026                            170.900         -45.600           0.000
5027                             166.400         -45.525           0.000
6027                             166.500         -45.525           0.000
7027                             166.600         -45.525           0.000
8027                             166.700         -45.525           0.000
9027                             166.800         -45.525           0.000
10027                            166.900         -45.525           0.000
11027                            167.000         -45.525           0.000
12027                            167.100         -45.525           0.000
13027                            167.200         -45.525           0.000
14027                            167.300         -45.525           0.000
15027                            167.400         -45.525           0.000
16027                            167.500         -45.525           0.000
17027                            167.600         -45.525           0.000
18027                            167.700         -45.525           0.000
19027                            167.800         -45.525           0.000
20027                            167.900         -45.525           0.000
21027                            168.000         -45.525           0.000
22027                            168.100         -45.525           0.000
23027                            168.200         -45.525           0.000
24027                            168.300         -45.525           0.000
25027                            168.400         -45.525           0.000
26027                            168.500         -45.525           0.000
27027                            168.600         -45.525           0.000
28027                            168.700         -45.525           0.000
29027                            168.800         -45.525           0.000
30027                            168.900         -45.525           0.000
31027                            169.000         -45.525           0.000
32027                            169.100         -45.525           0.000
33027                            169.200         -45.525           0.000
34027                            169.300         -45.525           0.000
35027                            169.400         -45.525           0.000
36027                            169.500         -45.525           0.000
37027                            169.600         -45.525           0.000
38027                            169.700         -45.525           0.000
39027                            169.800         -45.525           0.000
40027                            169.900         -45.525           0.000
41027                            170.000         -45.525           0.000
42027                            170.100         -45.525           0.000
43027                            170.200         -45.525           0.000
44027                            170.300         -45.525           0.000
33023                            169.200         -45.825           0.000
34023                            169.300         -45.825           0.000
35023                            169.400         -45.825           0.000
36023                            169.500         -45.825           0.000
37023                            169.600         -45.825           0.000
38023                            169.700         -45.825           0.000
39023                            169.800         -45.825           0.000
40023                            169.900         -45.825           0.000
41023                            170.000         -45.825           0.000
42023                            170.100         -45.825           0.000
43023                            170.200         -45.825           0.000
44023                            170.300         -45.825           0.000
45023                            170.400         -45.825           0.000
46023                            170.500         -45.825           0.000
47023                            170.600         -45.825           0.000
48023                            170.700         -45.825           0.000
49023                            170.800         -45.825           0.000
50023                            170.900         -45.825           0.000
3024                             166.200         -45.750           0.000
4024                             166.300         -45.750           0.000
5024                             166.400         -45.750           0.000
6024                             166.500         -45.750           0.000
7024                             166.600         -45.750           0.000
8024                             166.700         -45.750           0.000
9024                             166.800         -45.750           0.000
10024                            166.900         -45.750           0.000
11024                            167.000         -45.750           0.000
12024                            167.100         -45.750           0.000
13024                            167.200         -45.750           0.000
14024                            167.300         -45.750           0.000
15024                            167.400         -45.750           0.000
16024                            167.500         -45.750           0.000
17024                            167.600         -45.750           0.000
18024                            167.700         -45.750           0.000
19024                            167.800         -45.750           0.000
20024                            167.900         -45.750           0.000
21024                            168.000         -45.750           0.000
22024                            168.100         -45.750           0.000
23024                            168.200         -45.750           0.000
24024                            168.300         -45.750           0.000
25024                            168.400         -45.750           0.000
26024                            168.500         -45.750           0.000
27024                            168.600         -45.750           0.000
28024                            168.700         -45.750           0.000
29024                            168.800         -45.750           0.000
30024                            168.900         -45.750           0.000
31024                            169.000         -45.750           0.000
32024                            169.100         -45.750           0.000
33024                            169.200         -45.750           0.000
34024                            169.300         -45.750           0.000
35024                            169.400         -45.750           0.000
36024                            169.500         -45.750           0.000
37024                            169.600         -45.750           0.000
38024                            169.700         -45.750           0.000
39024                            169.800         -45.750           0.000
40024                            169.900         -45.750           0.000
41024                            170.000         -45.750           0.000
42024                            170.100         -45.750           0.000
43024                            170.200         -45.750           0.000
44024                            170.300         -45.750           0.000
45024                            170.400         -45.750           0.000
46024                            170.500         -45.750           0.000
47024                            170.600         -45.750           0.000
48024                            170.700         -45.750           0.000
49024                            170.800         -45.750           0.000
50024                            170.900         -45.750           0.000
4025                             166.300         -45.675           0.000
5025                             166.400         -45.675           0.000
6025                             166.500         -45.675           0.000
7025                             166.600         -45.675           0.000
8025                             166.700         -45.675           0.000
9025                             166.800         -45.675           0.000
10025                            166.900         -45.675           0.000
11025                            167.000         -45.675           0.000
12025                            167.100         -45.675           0.000
13025                            167.200         -45.675           0.000
14025                            167.300         -45.675           0.000
15025                            167.400         -45.675           0.000
16025                            167.500         -45.675           0.000
17025                            167.600         -45.675           0.000
18025                            167.700         -45.675           0.000
19025                            167.800         -45.675           0.000
20025                            167.900         -45.675           0.000
21025                            168.000         -45.675           0.000
22025                            168.100         -45.675           0.000
23025                            168.200         -45.675           0.000
24025                            168.300         -45.675           0.000
25025                            168.400         -45.675           0.000
26025                            168.500         -45.675           0.000
27025                            168.600         -45.675           0.000
28025                            168.700         -45.675           0.000
29025                            168.800         -45.675           0.000
30025                            168.900         -45.675           0.000
31025                            169.000         -45.675           0.000
32025                            169.100         -45.675           0.000
33025                            169.200         -45.675           0.000
34025                            169.300         -45.675           0.000
35025                            169.400         -45.675           0.000
36025                            169.500         -45.675           0.000
37025                            169.600         -45.675           0.000
29021                            168.800         -45.975           0.000
30021                            168.900         -45.975           0.000
31021                            169.000         -45.975           0.000
32021                            169.100         -45.975           0.000
33021                            169.200         -45.975           0.000
34021                            169.300         -45.975           0.000
35021                            169.400         -45.975           0.000
36021                            169.500         -45.975           0.000
37021                            169.600         -45.975           0.000
38021                            169.700         -45.975           0.000
39021                            169.800         -45.975           0.000
40021                            169.900         -45.975           0.000
41021                            170.000         -45.975           0.000
42021                            170.100         -45.975           0.000
43021                            170.200         -45.975           0.000
44021                            170.300         -45.975           0.000
45021                            170.400         -45.975           0.000
46021                            170.500         -45.975           0.000
47021                            170.600         -45.975           0.000
48021                            170.700         -45.975           0.000
49021                            170.800         -45.975           0.000
50021                            170.900         -45.975           0.000
3022                             166.200         -45.900           0.000
4022                             166.300         -45.900           0.000
5022                             166.400         -45.900           0.000
6022                             166.500         -45.900           0.000
7022                             166.600         -45.900           0.000
8022                             166.700         -45.900           0.000
9022                             166.800         -45.900           0.000
10022                            166.900         -45.900           0.000
11022                            167.000         -45.900           0.000
12022                            167.100         -45.900           0.000
13022                            167.200         -45.900           0.000
14022                            167.300         -45.900           0.000
15022                            167.400         -45.900           0.000
16022                            167.500         -45.900           0.000
17022                            167.600         -45.900           0.000
18022                            167.700         -45.900           0.000
19022                            167.800         -45.900           0.000
20022                            167.900         -45.900           0.000
21022                            168.000         -45.900           0.000
22022                            168.100         -45.900           0.000
23022                            168.200         -45.900           0.000
24022                            168.300         -45.900           0.000
25022                            168.400         -45.900           0.000
26022                            168.500         -45.900           0.000
27022                            168.600         -45.900           0.000
28022                            168.700         -45.900           0.000
29022                            168.800         -45.900           0.000
30022                            168.900         -45.900           0.000
31022                            169.000         -45.900           0.000
32022                            169.100         -45.900           0.000
33022                            169.200         -45.900           0.000
34022                            169.300         -45.900           0.000
35022                            169.400         -45.900           0.000
36022                            169.500         -45.900           0.000
37022                            169.600         -45.900           0.000
38022                            169.700         -45.900           0.000
39022                            169.800         -45.900           0.000
40022                            169.900         -45.900           0.000
41022                            170.000         -45.900           0.000
42022                            170.100         -45.900           0.000
43022                            170.200         -45.900           0.000
44022                            170.300         -45.900           0.000
45022                            170.400         -45.900           0.000
46022                            170.500         -45.900           0.000
47022                            170.600         -45.900           0.000
48022                            170.700         -45.900           0.000
49022                            170.800         -45.900           0.000
50022                            170.900         -45.900           0.000
3023                             166.200         -45.825           0.000
4023                             166.300         -45.825           0.000
5023                             166.400         -45.825           0.000
6023                             166.500         -45.825           0.000
7023                             166.600         -45.825           0.000
8023                             166.700         -45.825           0.000
9023                             166.800         -45.825           0.000
10023                            166.900         -45.825           0.000
11023                            167.000         -45.825           0.000
12023                            167.100         -45.825           0.000
13023                            167.200         -45.825           0.000
14023                            167.300         -45.825           0.000
15023                            167.400         -45.825           0.000
16023                            167.500         -45.825           0.000
17023                            167.600         -45.825           0.000
18023                            167.700         -45.825           0.000
19023                            167.800         -45.825           0.000
20023                            167.900         -45.825           0.000
21023                            168.000         -45.825           0.000
22023                            168.100         -45.825           0.000
23023                            168.200         -45.825           0.000
24023                            168.300         -45.825           0.000
25023                            168.400         -45.825           0.000
26023                            168.500         -45.825           0.000
27023                            168.600         -45.825           0.000
28023                            168.700         -45.825           0.000
29023                            168.800         -45.825           0.000
30023                            168.900         -45.825           0.000
31023                            169.000         -45.825           0.000
32023                            169.100         -45.825           0.000
18019                            167.700         -46.125           0.000
19019                            167.800         -46.125           0.000
20019                            167.900         -46.125           0.000
21019                            168.000         -46.125           0.000
22019                            168.100         -46.125           0.000
23019                            168.200         -46.125           0.000
24019                            168.300         -46.125           0.000
25019                            168.400         -46.125           0.000
26019                            168.500         -46.125           0.000
27019                            168.600         -46.125           0.000
28019                            168.700         -46.125           0.000
29019                            168.800         -46.125           0.000
30019                            168.900         -46.125           0.000
31019                            169.000         -46.125           0.000
32019                            169.100         -46.125           0.000
33019                            169.200         -46.125           0.000
34019                            169.300         -46.125           0.000
35019                            169.400         -46.125           0.000
36019                            169.500         -46.125           0.000
37019                            169.600         -46.125           0.000
38019                            169.700         -46.125           0.000
39019                            169.800         -46.125           0.000
40019                            169.900         -46.125           0.000
41019                            170.000         -46.125           0.000
42019                            170.100         -46.125           0.000
43019                            170.200         -46.125           0.000
44019                            170.300         -46.125           0.000
45019                            170.400         -46.125           0.000
4020                             166.300         -46.050           0.000
5020                             166.400         -46.050           0.000
6020                             166.500         -46.050           0.000
7020                             166.600         -46.050           0.000
8020                             166.700         -46.050           0.000
9020                             166.800         -46.050           0.000
10020                            166.900         -46.050           0.000
11020                            167.000         -46.050           0.000
12020                            167.100         -46.050           0.000
13020                            167.200         -46.050           0.000
14020                            167.300         -46.050           0.000
15020                            167.400         -46.050           0.000
16020                            167.500         -46.050           0.000
17020                            167.600         -46.050           0.000
18020                            167.700         -46.050           0.000
19020                            167.800         -46.050           0.000
20020                            167.900         -46.050           0.000
21020                            168.000         -46.050           0.000
22020                            168.100         -46.050           0.000
23020                            168.200         -46.050           0.000
24020                            168.300         -46.050           0.000
25020                            168.400         -46.050           0.000
26020                            168.500         -46.050           0.000
27020                            168.600         -46.050           0.000
28020                            168.700         -46.050           0.000
29020                            168.800         -46.050           0.000
30020                            168.900         -46.050           0.000
31020                            169.000         -46.050           0.000
32020                            169.100         -46.050           0.000
33020                            169.200         -46.050           0.000
34020                            169.300         -46.050           0.000
35020                            169.400         -46.050           0.000
36020                            169.500         -46.050           0.000
37020                            169.600         -46.050           0.000
38020                            169.700         -46.050           0.000
39020                            169.800         -46.050           0.000
40020                            169.900         -46.050           0.000
41020                            170.000         -46.050           0.000
42020                            170.100         -46.050           0.000
43020                            170.200         -46.050           0.000
44020                            170.300         -46.050           0.000
45020                            170.400         -46.050           0.000
46020                            170.500         -46.050           0.000
47020                            170.600         -46.050           0.000
48020                            170.700         -46.050           0.000
49020                            170.800         -46.050           0.000
3021                             166.200         -45.975           0.000
4021                             166.300         -45.975           0.000
5021                             166.400         -45.975           0.000
6021                             166.500         -45.975           0.000
7021                             166.600         -45.975           0.000
8021                             166.700         -45.975           0.000
9021                             166.800         -45.975           0.000
10021                            166.900         -45.975           0.000
11021                            167.000         -45.975           0.000
12021                            167.100         -45.975           0.000
13021                            167.200         -45.975           0.000
14021                            167.300         -45.975           0.000
15021                            167.400         -45.975           0.000
16021                            167.500         -45.975           0.000
17021                            167.600         -45.975           0.000
18021                            167.700         -45.975           0.000
19021                            167.800         -45.975           0.000
20021                            167.900         -45.975           0.000
21021                            168.000         -45.975           0.000
22021                            168.100         -45.975           0.000
23021                            168.200         -45.975           0.000
24021                            168.300         -45.975           0.000
25021                            168.400         -45.975           0.000
26021                            168.500         -45.975           0.000
27021                            168.600         -45.975           0.000
28021                            168.700         -45.975           0.000
37016                            169.600         -46.350           0.000
38016                            169.700         -46.350           0.000
39016                            169.800         -46.350           0.000
40016                            169.900         -46.350           0.000
41016                            170.000         -46.350           0.000
42016                            170.100         -46.350           0.000
43016                            170.200         -46.350           0.000
6017                             166.500         -46.275           0.000
7017                             166.600         -46.275           0.000
8017                             166.700         -46.275           0.000
9017                             166.800         -46.275           0.000
10017                            166.900         -46.275           0.000
11017                            167.000         -46.275           0.000
12017                            167.100         -46.275           0.000
13017                            167.200         -46.275           0.000
14017                            167.300         -46.275           0.000
15017                            167.400         -46.275           0.000
16017                            167.500         -46.275           0.000
17017                            167.600         -46.275           0.000
18017                            167.700         -46.275           0.000
19017                            167.800         -46.275           0.000
20017                            167.900         -46.275           0.000
21017                            168.000         -46.275           0.000
22017                            168.100         -46.275           0.000
23017                            168.200         -46.275           0.000
24017                            168.300         -46.275           0.000
25017                            168.400         -46.275           0.000
26017                            168.500         -46.275           0.000
27017                            168.600         -46.275           0.000
28017                            168.700         -46.275           0.000
29017                            168.800         -46.275           0.000
30017                            168.900         -46.275           0.000
31017                            169.000         -46.275           0.000
32017                            169.100         -46.275           0.000
33017                            169.200         -46.275           0.000
34017                            169.300         -46.275           0.000
35017                            169.400         -46.275           0.000
36017                            169.500         -46.275           0.000
37017                            169.600         -46.275           0.000
38017                            169.700         -46.275           0.000
39017                            169.800         -46.275           0.000
40017                            169.900         -46.275           0.000
41017                            170.000         -46.275           0.000
42017                            170.100         -46.275           0.000
43017                            170.200         -46.275           0.000
44017                            170.300         -46.275           0.000
5018                             166.400         -46.200           0.000
6018                             166.500         -46.200           0.000
7018                             166.600         -46.200           0.000
8018                             166.700         -46.200           0.000
9018                             166.800         -46.200           0.000
10018                            166.900         -46.200           0.000
11018                            167.000         -46.200           0.000
12018                            167.100         -46.200           0.000
13018                            167.200         -46.200           0.000
14018                            167.300         -46.200           0.000
15018                            167.400         -46.200           0.000
16018                            167.500         -46.200           0.000
17018                            167.600         -46.200           0.000
18018                            167.700         -46.200           0.000
19018                            167.800         -46.200           0.000
20018                            167.900         -46.200           0.000
21018                            168.000         -46.200           0.000
22018                            168.100         -46.200           0.000
23018                            168.200         -46.200           0.000
24018                            168.300         -46.200           0.000
25018                            168.400         -46.200           0.000
26018                            168.500         -46.200           0.000
27018                            168.600         -46.200           0.000
28018                            168.700         -46.200           0.000
29018                            168.800         -46.200           0.000
30018                            168.900         -46.200           0.000
31018                            169.000         -46.200           0.000
32018                            169.100         -46.200           0.000
33018                            169.200         -46.200           0.000
34018                            169.300         -46.200           0.000
35018                            169.400         -46.200           0.000
36018                            169.500         -46.200           0.000
37018                            169.600         -46.200           0.000
38018                            169.700         -46.200           0.000
39018                            169.800         -46.200           0.000
40018                            169.900         -46.200           0.000
41018                            170.000         -46.200           0.000
42018                            170.100         -46.200           0.000
43018                            170.200         -46.200           0.000
44018                            170.300         -46.200           0.000
4019                             166.300         -46.125           0.000
5019                             166.400         -46.125           0.000
6019                             166.500         -46.125           0.000
7019                             166.600         -46.125           0.000
8019                             166.700         -46.125           0.000
9019                             166.800         -46.125           0.000
10019                            166.900         -46.125           0.000
11019                            167.000         -46.125           0.000
12019                            167.100         -46.125           0.000
13019                            167.200         -46.125           0.000
14019                            167.300         -46.125           0.000
15019                            167.400         -46.125           0.000
16019                            167.500         -46.125           0.000
17019                            167.600         -46.125           0.000
34013                            169.300         -46.575           0.000
35013                            169.400         -46.575           0.000
36013                            169.500         -46.575           0.000
37013                            169.600         -46.575           0.000
38013                            169.700         -46.575           0.000
39013                            169.800         -46.575           0.000
40013                            169.900         -46.575           0.000
41013                            170.000         -46.575           0.000
8014                             166.700         -46.500           0.000
9014                             166.800         -46.500           0.000
10014                            166.900         -46.500           0.000
11014                            167.000         -46.500           0.000
12014                            167.100         -46.500           0.000
17014                            167.600         -46.500           0.000
18014                            167.700         -46.500           0.000
19014                            167.800         -46.500           0.000
20014                            167.900         -46.500           0.000
21014                            168.000         -46.500           0.000
22014                            168.100         -46.500           0.000
23014                            168.200         -46.500           0.000
24014                            168.300         -46.500           0.000
25014                            168.400         -46.500           0.000
26014                            168.500         -46.500           0.000
27014                            168.600         -46.500           0.000
28014                            168.700         -46.500           0.000
29014                            168.800         -46.500           0.000
30014                            168.900         -46.500           0.000
31014                            169.000         -46.500           0.000
32014                            169.100         -46.500           0.000
33014                            169.200         -46.500           0.000
34014                            169.300         -46.500           0.000
35014                            169.400         -46.500           0.000
36014                            169.500         -46.500           0.000
37014                            169.600         -46.500           0.000
38014                            169.700         -46.500           0.000
39014                            169.800         -46.500           0.000
40014                            169.900         -46.500           0.000
41014                            170.000         -46.500           0.000
8015                             166.700         -46.425           0.000
9015                             166.800         -46.425           0.000
10015                            166.900         -46.425           0.000
11015                            167.000         -46.425           0.000
15015                            167.400         -46.425           0.000
16015                            167.500         -46.425           0.000
17015                            167.600         -46.425           0.000
18015                            167.700         -46.425           0.000
19015                            167.800         -46.425           0.000
20015                            167.900         -46.425           0.000
21015                            168.000         -46.425           0.000
22015                            168.100         -46.425           0.000
23015                            168.200         -46.425           0.000
24015                            168.300         -46.425           0.000
25015                            168.400         -46.425           0.000
26015                            168.500         -46.425           0.000
27015                            168.600         -46.425           0.000
28015                            168.700         -46.425           0.000
29015                            168.800         -46.425           0.000
30015                            168.900         -46.425           0.000
31015                            169.000         -46.425           0.000
32015                            169.100         -46.425           0.000
33015                            169.200         -46.425           0.000
34015                            169.300         -46.425           0.000
35015                            169.400         -46.425           0.000
36015                            169.500         -46.425           0.000
37015                            169.600         -46.425           0.000
38015                            169.700         -46.425           0.000
39015                            169.800         -46.425           0.000
40015                            169.900         -46.425           0.000
41015                            170.000         -46.425           0.000
42015                            170.100         -46.425           0.000
7016                             166.600         -46.350           0.000
8016                             166.700         -46.350           0.000
9016                             166.800         -46.350           0.000
10016                            166.900         -46.350           0.000
11016                            167.000         -46.350           0.000
12016                            167.100         -46.350           0.000
13016                            167.200         -46.350           0.000
14016                            167.300         -46.350           0.000
15016                            167.400         -46.350           0.000
16016                            167.500         -46.350           0.000
17016                            167.600         -46.350           0.000
18016                            167.700         -46.350           0.000
19016                            167.800         -46.350           0.000
20016                            167.900         -46.350           0.000
21016                            168.000         -46.350           0.000
22016                            168.100         -46.350           0.000
23016                            168.200         -46.350           0.000
24016                            168.300         -46.350           0.000
25016                            168.400         -46.350           0.000
26016                            168.500         -46.350           0.000
27016                            168.600         -46.350           0.000
28016                            168.700         -46.350           0.000
29016                            168.800         -46.350           0.000
30016                            168.900         -46.350           0.000
31016                            169.000         -46.350           0.000
32016                            169.100         -46.350           0.000
33016                            169.200         -46.350           0.000
34016                            169.300         -46.350           0.000
35016                            169.400         -46.350           0.000
36016                            169.500         -46.350           0.000
17010                            167.600         -46.800           0.000
18010                            167.700         -46.800           0.000
19010                            167.800         -46.800           0.000
20010                            167.900         -46.800           0.000
21010                            168.000         -46.800           0.000
22010                            168.100         -46.800           0.000
23010                            168.200         -46.800           0.000
24010                            168.300         -46.800           0.000
25010                            168.400         -46.800           0.000
26010                            168.500         -46.800           0.000
27010                            168.600         -46.800           0.000
28010                            168.700         -46.800           0.000
29010                            168.800         -46.800           0.000
30010                            168.900         -46.800           0.000
31010                            169.000         -46.800           0.000
32010                            169.100         -46.800           0.000
33010                            169.200         -46.800           0.000
34010                            169.300         -46.800           0.000
35010                            169.400         -46.800           0.000
36010                            169.500         -46.800           0.000
9011                             166.800         -46.725           0.000
10011                            166.900         -46.725           0.000
11011                            167.000         -46.725           0.000
15011                            167.400         -46.725           0.000
16011                            167.500         -46.725           0.000
17011                            167.600         -46.725           0.000
18011                            167.700         -46.725           0.000
19011                            167.800         -46.725           0.000
20011                            167.900         -46.725           0.000
21011                            168.000         -46.725           0.000
22011                            168.100         -46.725           0.000
23011                            168.200         -46.725           0.000
24011                            168.300         -46.725           0.000
25011                            168.400         -46.725           0.000
26011                            168.500         -46.725           0.000
27011                            168.600         -46.725           0.000
28011                            168.700         -46.725           0.000
29011                            168.800         -46.725           0.000
30011                            168.900         -46.725           0.000
31011                            169.000         -46.725           0.000
32011                            169.100         -46.725           0.000
33011                            169.200         -46.725           0.000
34011                            169.300         -46.725           0.000
35011                            169.400         -46.725           0.000
36011                            169.500         -46.725           0.000
37011                            169.600         -46.725           0.000
38011                            169.700         -46.725           0.000
8012                             166.700         -46.650           0.000
9012                             166.800         -46.650           0.000
10012                            166.900         -46.650           0.000
11012                            167.000         -46.650           0.000
12012                            167.100         -46.650           0.000
15012                            167.400         -46.650           0.000
16012                            167.500         -46.650           0.000
17012                            167.600         -46.650           0.000
18012                            167.700         -46.650           0.000
19012                            167.800         -46.650           0.000
20012                            167.900         -46.650           0.000
21012                            168.000         -46.650           0.000
22012                            168.100         -46.650           0.000
23012                            168.200         -46.650           0.000
24012                            168.300         -46.650           0.000
25012                            168.400         -46.650           0.000
26012                            168.500         -46.650           0.000
27012                            168.600         -46.650           0.000
28012                            168.700         -46.650           0.000
29012                            168.800         -46.650           0.000
30012                            168.900         -46.650           0.000
31012                            169.000         -46.650           0.000
32012                            169.100         -46.650           0.000
33012                            169.200         -46.650           0.000
34012                            169.300         -46.650           0.000
35012                            169.400         -46.650           0.000
36012                            169.500         -46.650           0.000
37012                            169.600         -46.650           0.000
38012                            169.700         -46.650           0.000
39012                            169.800         -46.650           0.000
8013                             166.700         -46.575           0.000
9013                             166.800         -46.575           0.000
10013                            166.900         -46.575           0.000
11013                            167.000         -46.575           0.000
12013                            167.100         -46.575           0.000
16013                            167.500         -46.575           0.000
17013                            167.600         -46.575           0.000
18013                            167.700         -46.575           0.000
19013                            167.800         -46.575           0.000
20013                            167.900         -46.575           0.000
21013                            168.000         -46.575           0.000
22013                            168.100         -46.575           0.000
23013                            168.200         -46.575           0.000
24013                            168.300         -46.575           0.000
25013                            168.400         -46.575           0.000
26013                            168.500         -46.575           0.000
27013                            168.600         -46.575           0.000
28013                            168.700         -46.575           0.000
29013                            168.800         -46.575           0.000
30013                            168.900         -46.575           0.000
31013                            169.000         -46.575           0.000
32013                            169.100         -46.575           0.000
33013                            169.200         -46.575           0.000
16001                            167.500         -47.475           0.000
13002                            167.200         -47.400           0.000
14002                            167.300         -47.400           0.000
15002                            167.400         -47.400           0.000
16002                            167.500         -47.400           0.000
17002                            167.600         -47.400           0.000
18002                            167.700         -47.400           0.000
19002                            167.800         -47.400           0.000
12003                            167.100         -47.325           0.000
13003                            167.200         -47.325           0.000
14003                            167.300         -47.325           0.000
15003                            167.400         -47.325           0.000
16003                            167.500         -47.325           0.000
17003                            167.600         -47.325           0.000
18003                            167.700         -47.325           0.000
19003                            167.800         -47.325           0.000
20003                            167.900         -47.325           0.000
21003                            168.000         -47.325           0.000
22003                            168.100         -47.325           0.000
12004                            167.100         -47.250           0.000
13004                            167.200         -47.250           0.000
14004                            167.300         -47.250           0.000
15004                            167.400         -47.250           0.000
16004                            167.500         -47.250           0.000
17004                            167.600         -47.250           0.000
18004                            167.700         -47.250           0.000
19004                            167.800         -47.250           0.000
20004                            167.900         -47.250           0.000
21004                            168.000         -47.250           0.000
22004                            168.100         -47.250           0.000
23004                            168.200         -47.250           0.000
24004                            168.300         -47.250           0.000
12005                            167.100         -47.175           0.000
13005                            167.200         -47.175           0.000
14005                            167.300         -47.175           0.000
15005                            167.400         -47.175           0.000
16005                            167.500         -47.175           0.000
17005                            167.600         -47.175           0.000
18005                            167.700         -47.175           0.000
19005                            167.800         -47.175           0.000
20005                            167.900         -47.175           0.000
21005                            168.000         -47.175           0.000
22005                            168.100         -47.175           0.000
23005                            168.200         -47.175           0.000
24005                            168.300         -47.175           0.000
25005                            168.400         -47.175           0.000
13006                            167.200         -47.100           0.000
14006                            167.300         -47.100           0.000
15006                            167.400         -47.100           0.000
16006                            167.500         -47.100           0.000
17006                            167.600         -47.100           0.000
18006                            167.700         -47.100           0.000
19006                            167.800         -47.100           0.000
20006                            167.900         -47.100           0.000
21006                            168.000         -47.100           0.000
22006                            168.100         -47.100           0.000
23006                            168.200         -47.100           0.000
24006                            168.300         -47.100           0.000
25006                            168.400         -47.100           0.000
14007                            167.300         -47.025           0.000
15007                            167.400         -47.025           0.000
16007                            167.500         -47.025           0.000
17007                            167.600         -47.025           0.000
18007                            167.700         -47.025           0.000
19007                            167.800         -47.025           0.000
20007                            167.900         -47.025           0.000
21007                            168.000         -47.025           0.000
22007                            168.100         -47.025           0.000
23007                            168.200         -47.025           0.000
24007                            168.300         -47.025           0.000
25007                            168.400         -47.025           0.000
15008                            167.400         -46.950           0.000
16008                            167.500         -46.950           0.000
17008                            167.600         -46.950           0.000
18008                            167.700         -46.950           0.000
19008                            167.800         -46.950           0.000
20008                            167.900         -46.950           0.000
21008                            168.000         -46.950           0.000
22008                            168.100         -46.950           0.000
23008                            168.200         -46.950           0.000
24008                            168.300         -46.950           0.000
25008                            168.400         -46.950           0.000
26008                            168.500         -46.950           0.000
27008                            168.600         -46.950           0.000
15009                            167.400         -46.875           0.000
16009                            167.500         -46.875           0.000
17009                            167.600         -46.875           0.000
18009                            167.700         -46.875           0.000
19009                            167.800         -46.875           0.000
20009                            167.900         -46.875           0.000
21009                            168.000         -46.875           0.000
22009                            168.100         -46.875           0.000
23009                            168.200         -46.875           0.000
24009                            168.300         -46.875           0.000
25009                            168.400         -46.875           0.000
26009                            168.500         -46.875           0.000
27009                            168.600         -46.875           0.000
28009                            168.700         -46.875           0.000
15010                            167.400         -46.800           0.000
16010                            167.500         -46.800           0.000
72073                            173.100         -42.075           0.000
73073                            173.200         -42.075           0.000
74073                            173.300         -42.075           0.000
75073                            173.400         -42.075           0.000
76073                            173.500         -42.075           0.000
77073                            173.600         -42.075           0.000
78073                            173.700         -42.075           0.000
79073                            173.800         -42.075           0.000
80073                            173.900         -42.075           0.000
81073                            174.000         -42.075           0.000
82073                            174.100         -42.075           0.000
83073                            174.200         -42.075           0.000
84073                            174.300         -42.075           0.000
53074                            171.200         -42.000           0.000
54074                            171.300         -42.000           0.000
55074                            171.400         -42.000           0.000
56074                            171.500         -42.000           0.000
57074                            171.600         -42.000           0.000
58074                            171.700         -42.000           0.000
59074                            171.800         -42.000           0.000
60074                            171.900         -42.000           0.000
61074                            172.000         -42.000           0.000
62074                            172.100         -42.000           0.000
63074                            172.200         -42.000           0.000
64074                            172.300         -42.000           0.000
65074                            172.400         -42.000           0.000
66074                            172.500         -42.000           0.000
67074                            172.600         -42.000           0.000
68074                            172.700         -42.000           0.000
69074                            172.800         -42.000           0.000
70074                            172.900         -42.000           0.000
71074                            173.000         -42.000           0.000
72074                            173.100         -42.000           0.000
73074                            173.200         -42.000           0.000
74074                            173.300         -42.000           0.000
75074                            173.400         -42.000           0.000
76074                            173.500         -42.000           0.000
77074                            173.600         -42.000           0.000
78074                            173.700         -42.000           0.000
79074                            173.800         -42.000           0.000
80074                            173.900         -42.000           0.000
81074                            174.000         -42.000           0.000
82074                            174.100         -42.000           0.000
83074                            174.200         -42.000           0.000
84074                            174.300         -42.000           0.000
53075                            171.200         -41.925           0.000
54075                            171.300         -41.925           0.000
55075                            171.400         -41.925           0.000
56075                            171.500         -41.925           0.000
57075                            171.600         -41.925           0.000
58075                            171.700         -41.925           0.000
59075                            171.800         -41.925           0.000
60075                            171.900         -41.925           0.000
61075                            172.000         -41.925           0.000
62075                            172.100         -41.925           0.000
63075                            172.200         -41.925           0.000
64075                            172.300         -41.925           0.000
65075                            172.400         -41.925           0.000
66075                            172.500         -41.925           0.000
67075                            172.600         -41.925           0.000
68075                            172.700         -41.925           0.000
69075                            172.800         -41.925           0.000
70075                            172.900         -41.925           0.000
71075                            173.000         -41.925           0.000
72075                            173.100         -41.925           0.000
73075                            173.200         -41.925           0.000
74075                            173.300         -41.925           0.000
75075                            173.400         -41.925           0.000
76075                            173.500         -41.925           0.000
77075                            173.600         -41.925           0.000
78075                            173.700         -41.925           0.000
79075                            173.800         -41.925           0.000
80075                            173.900         -41.925           0.000
81075                            174.000         -41.925           0.000
82075                            174.100         -41.925           0.000
83075                            174.200         -41.925           0.000
84075                            174.300         -41.925           0.000
85075                            174.400         -41.925           0.000
53076                            171.200         -41.850           0.000
54076                            171.300         -41.850           0.000
55076                            171.400         -41.850           0.000
56076                            171.500         -41.850           0.000
57076                            171.600         -41.850           0.000
58076                            171.700         -41.850           0.000
59076                            171.800         -41.850           0.000
60076                            171.900         -41.850           0.000
61076                            172.000         -41.850           0.000
62076                            172.100         -41.850           0.000
63076                            172.200         -41.850           0.000
64076                            172.300         -41.850           0.000
65076                            172.400         -41.850           0.000
66076                            172.500         -41.850           0.000
67076                            172.600         -41.850           0.000
68076                            172.700         -41.850           0.000
69076                            172.800         -41.850           0.000
70076                            172.900         -41.850           0.000
71076                            173.000         -41.850           0.000
72076                            173.100         -41.850           0.000
73076                            173.200         -41.850           0.000
74076                            173.300         -41.850           0.000
42053                            170.100         -43.575           0.000
43053                            170.200         -43.575           0.000
44053                            170.300         -43.575           0.000
45053                            170.400         -43.575           0.000
46053                            170.500         -43.575           0.000
47053                            170.600         -43.575           0.000
48053                            170.700         -43.575           0.000
49053                            170.800         -43.575           0.000
50053                            170.900         -43.575           0.000
51053                            171.000         -43.575           0.000
52053                            171.100         -43.575           0.000
53053                            171.200         -43.575           0.000
54053                            171.300         -43.575           0.000
55053                            171.400         -43.575           0.000
56053                            171.500         -43.575           0.000
57053                            171.600         -43.575           0.000
58053                            171.700         -43.575           0.000
59053                            171.800         -43.575           0.000
60053                            171.900         -43.575           0.000
61053                            172.000         -43.575           0.000
62053                            172.100         -43.575           0.000
63053                            172.200         -43.575           0.000
64053                            172.300         -43.575           0.000
65053                            172.400         -43.575           0.000
66053                            172.500         -43.575           0.000
67053                            172.600         -43.575           0.000
68053                            172.700         -43.575           0.000
69053                            172.800         -43.575           0.000
70053                            172.900         -43.575           0.000
71053                            173.000         -43.575           0.000
72053                            173.100         -43.575           0.000
73053                            173.200         -43.575           0.000
171053                           183.000         -43.575           0.000
172053                           183.100         -43.575           0.000
173053                           183.200         -43.575           0.000
174053                           183.300         -43.575           0.000
175053                           183.400         -43.575           0.000
176053                           183.500         -43.575           0.000
177053                           183.600         -43.575           0.000
178053                           183.700         -43.575           0.000
179053                           183.800         -43.575           0.000
180053                           183.900         -43.575           0.000
34054                            169.300         -43.500           0.000
35054                            169.400         -43.500           0.000
36054                            169.500         -43.500           0.000
37054                            169.600         -43.500           0.000
38054                            169.700         -43.500           0.000
39054                            169.800         -43.500           0.000
40054                            169.900         -43.500           0.000
41054                            170.000         -43.500           0.000
42054                            170.100         -43.500           0.000
43054                            170.200         -43.500           0.000
44054                            170.300         -43.500           0.000
45054                            170.400         -43.500           0.000
46054                            170.500         -43.500           0.000
47054                            170.600         -43.500           0.000
48054                            170.700         -43.500           0.000
49054                            170.800         -43.500           0.000
50054                            170.900         -43.500           0.000
51054                            171.000         -43.500           0.000
52054                            171.100         -43.500           0.000
53054                            171.200         -43.500           0.000
54054                            171.300         -43.500           0.000
55054                            171.400         -43.500           0.000
56054                            171.500         -43.500           0.000
57054                            171.600         -43.500           0.000
58054                            171.700         -43.500           0.000
59054                            171.800         -43.500           0.000
60054                            171.900         -43.500           0.000
61054                            172.000         -43.500           0.000
62054                            172.100         -43.500           0.000
63054                            172.200         -43.500           0.000
64054                            172.300         -43.500           0.000
65054                            172.400         -43.500           0.000
66054                            172.500         -43.500           0.000
67054                            172.600         -43.500           0.000
68054                            172.700         -43.500           0.000
69054                            172.800         -43.500           0.000
70054                            172.900         -43.500           0.000
71054                            173.000         -43.500           0.000
72054                            173.100         -43.500           0.000
171054                           183.000         -43.500           0.000
172054                           183.100         -43.500           0.000
173054                           183.200         -43.500           0.000
174054                           183.300         -43.500           0.000
175054                           183.400         -43.500           0.000
35055                            169.400         -43.425           0.000
36055                            169.500         -43.425           0.000
37055                            169.600         -43.425           0.000
38055                            169.700         -43.425           0.000
39055                            169.800         -43.425           0.000
40055                            169.900         -43.425           0.000
41055                            170.000         -43.425           0.000
42055                            170.100         -43.425           0.000
43055                            170.200         -43.425           0.000
44055                            170.300         -43.425           0.000
45055                            170.400         -43.425           0.000
46055                            170.500         -43.425           0.000
47055                            170.600         -43.425           0.000
48055                            170.700         -43.425           0.000
73177                            173.200         -34.275           0.000
59178                            171.800         -34.200           0.000
60178                            171.900         -34.200           0.000
61178                            172.000         -34.200           0.000
62178                            172.100         -34.200           0.000
63178                            172.200         -34.200           0.000
64178                            172.300         -34.200           0.000
59179                            171.800         -34.125           0.000
60179                            171.900         -34.125           0.000
61179                            172.000         -34.125           0.000
62179                            172.100         -34.125           0.000
63179                            172.200         -34.125           0.000
64179                            172.300         -34.125           0.000
65179                            172.400         -34.125           0.000
60180                            171.900         -34.050           0.000
61180                            172.000         -34.050           0.000
62180                            172.100         -34.050           0.000
63180                            172.200         -34.050           0.000
64180                            172.300         -34.050           0.000
62181                            172.100         -33.975           0.000
63181                            172.200         -33.975           0.000
64181                            172.300         -33.975           0.000
66173                            172.500         -34.575           0.000
67173                            172.600         -34.575           0.000
68173                            172.700         -34.575           0.000
69173                            172.800         -34.575           0.000
70173                            172.900         -34.575           0.000
71173                            173.000         -34.575           0.000
72173                            173.100         -34.575           0.000
73173                            173.200         -34.575           0.000
65174                            172.400         -34.500           0.000
66174                            172.500         -34.500           0.000
67174                            172.600         -34.500           0.000
68174                            172.700         -34.500           0.000
69174                            172.800         -34.500           0.000
70174                            172.900         -34.500           0.000
71174                            173.000         -34.500           0.000
72174                            173.100         -34.500           0.000
73174                            173.200         -34.500           0.000
65175                            172.400         -34.425           0.000
66175                            172.500         -34.425           0.000
67175                            172.600         -34.425           0.000
68175                            172.700         -34.425           0.000
69175                            172.800         -34.425           0.000
70175                            172.900         -34.425           0.000
71175                            173.000         -34.425           0.000
72175                            173.100         -34.425           0.000
73175                            173.200         -34.425           0.000
74175                            173.300         -34.425           0.000
60176                            171.900         -34.350           0.000
61176                            172.000         -34.350           0.000
62176                            172.100         -34.350           0.000
63176                            172.200         -34.350           0.000
66176                            172.500         -34.350           0.000
67176                            172.600         -34.350           0.000
68176                            172.700         -34.350           0.000
69176                            172.800         -34.350           0.000
70176                            172.900         -34.350           0.000
71176                            173.000         -34.350           0.000
72176                            173.100         -34.350           0.000
73176                            173.200         -34.350           0.000
60177                            171.900         -34.275           0.000
61177                            172.000         -34.275           0.000
62177                            172.100         -34.275           0.000
63177                            172.200         -34.275           0.000
64177                            172.300         -34.275           0.000
67177                            172.600         -34.275           0.000
68177                            172.700         -34.275           0.000
69177                            172.800         -34.275           0.000
70177                            172.900         -34.275           0.000
71177                            173.000         -34.275           0.000
72177                            173.100         -34.275           0.000
69169                            172.800         -34.875           0.000
70169                            172.900         -34.875           0.000
71169                            173.000         -34.875           0.000
72169                            173.100         -34.875           0.000
73169                            173.200         -34.875           0.000
74169                            173.300         -34.875           0.000
75169                            173.400         -34.875           0.000
76169                            173.500         -34.875           0.000
77169                            173.600         -34.875           0.000
78169                            173.700         -34.875           0.000
79169                            173.800         -34.875           0.000
80169                            173.900         -34.875           0.000
81169                            174.000         -34.875           0.000
82169                            174.100         -34.875           0.000
68170                            172.700         -34.800           0.000
69170                            172.800         -34.800           0.000
70170                            172.900         -34.800           0.000
71170                            173.000         -34.800           0.000
72170                            173.100         -34.800           0.000
73170                            173.200         -34.800           0.000
74170                            173.300         -34.800           0.000
75170                            173.400         -34.800           0.000
76170                            173.500         -34.800           0.000
77170                            173.600         -34.800           0.000
78170                            173.700         -34.800           0.000
79170                            173.800         -34.800           0.000
80170                            173.900         -34.800           0.000
81170                            174.000         -34.800           0.000
67171                            172.600         -34.725           0.000
68171                            172.700         -34.725           0.000
69171                            172.800         -34.725           0.000
70171                            172.900         -34.725           0.000
71171                            173.000         -34.725           0.000
72171                            173.100         -34.725           0.000
73171                            173.200         -34.725           0.000
74171                            173.300         -34.725           0.000
75171                            173.400         -34.725           0.000
76171                            173.500         -34.725           0.000
77171                            173.600         -34.725           0.000
66172                            172.500         -34.650           0.000
67172                            172.600         -34.650           0.000
68172                            172.700         -34.650           0.000
69172                            172.800         -34.650           0.000
70172                            172.900         -34.650           0.000
71172                            173.000         -34.650           0.000
72172                            173.100         -34.650           0.000
73172                            173.200         -34.650           0.000
74172                            173.300         -34.650           0.000
75172                            173.400         -34.650           0.000
76172                            173.500         -34.650           0.000
87165                            174.600         -35.175           0.000
70166                            172.900         -35.100           0.000
71166                            173.000         -35.100           0.000
72166                            173.100         -35.100           0.000
73166                            173.200         -35.100           0.000
74166                            173.300         -35.100           0.000
75166                            173.400         -35.100           0.000
76166                            173.500         -35.100           0.000
77166                            173.600         -35.100           0.000
78166                            173.700         -35.100           0.000
79166                            173.800         -35.100           0.000
80166                            173.900         -35.100           0.000
81166                            174.000         -35.100           0.000
82166                            174.100         -35.100           0.000
83166                            174.200         -35.100           0.000
84166                            174.300         -35.100           0.000
85166                            174.400         -35.100           0.000
86166                            174.500         -35.100           0.000
70167                            172.900         -35.025           0.000
71167                            173.000         -35.025           0.000
72167                            173.100         -35.025           0.000
73167                            173.200         -35.025           0.000
74167                            173.300         -35.025           0.000
75167                            173.400         -35.025           0.000
76167                            173.500         -35.025           0.000
77167                            173.600         -35.025           0.000
78167                            173.700         -35.025           0.000
79167                            173.800         -35.025           0.000
80167                            173.900         -35.025           0.000
81167                            174.000         -35.025           0.000
82167                            174.100         -35.025           0.000
83167                            174.200         -35.025           0.000
84167                            174.300         -35.025           0.000
85167                            174.400         -35.025           0.000
86167                            174.500         -35.025           0.000
70168                            172.900         -34.950           0.000
71168                            173.000         -34.950           0.000
72168                            173.100         -34.950           0.000
73168                            173.200         -34.950           0.000
74168                            173.300         -34.950           0.000
75168                            173.400         -34.950           0.000
76168                            173.500         -34.950           0.000
77168                            173.600         -34.950           0.000
78168                            173.700         -34.950           0.000
79168                            173.800         -34.950           0.000
80168                            173.900         -34.950           0.000
81168                            174.000         -34.950           0.000
82168                            174.100         -34.950           0.000
83168                            174.200         -34.950           0.000
84168                            174.300         -34.950           0.000
76163                            173.500         -35.325           0.000
77163                            173.600         -35.325           0.000
78163                            173.700         -35.325           0.000
79163                            173.800         -35.325           0.000
80163                            173.900         -35.325           0.000
81163                            174.000         -35.325           0.000
82163                            174.100         -35.325           0.000
83163                            174.200         -35.325           0.000
84163                            174.300         -35.325           0.000
85163                            174.400         -35.325           0.000
86163                            174.500         -35.325           0.000
87163                            174.600         -35.325           0.000
88163                            174.700         -35.325           0.000
89163                            174.800         -35.325           0.000
90163                            174.900         -35.325           0.000
70164                            172.900         -35.250           0.000
71164                            173.000         -35.250           0.000
72164                            173.100         -35.250           0.000
73164                            173.200         -35.250           0.000
74164                            173.300         -35.250           0.000
75164                            173.400         -35.250           0.000
76164                            173.500         -35.250           0.000
77164                            173.600         -35.250           0.000
78164                            173.700         -35.250           0.000
79164                            173.800         -35.250           0.000
80164                            173.900         -35.250           0.000
81164                            174.000         -35.250           0.000
82164                            174.100         -35.250           0.000
83164                            174.200         -35.250           0.000
84164                            174.300         -35.250           0.000
85164                            174.400         -35.250           0.000
86164                            174.500         -35.250           0.000
87164                            174.600         -35.250           0.000
70165                            172.900         -35.175           0.000
71165                            173.000         -35.175           0.000
72165                            173.100         -35.175           0.000
73165                            173.200         -35.175           0.000
74165                            173.300         -35.175           0.000
75165                            173.400         -35.175           0.000
76165                            173.500         -35.175           0.000
77165                            173.600         -35.175           0.000
78165                            173.700         -35.175           0.000
79165                            173.800         -35.175           0.000
80165                            173.900         -35.175           0.000
81165                            174.000         -35.175           0.000
82165                            174.100         -35.175           0.000
83165                            174.200         -35.175           0.000
84165                            174.300         -35.175           0.000
85165                            174.400         -35.175           0.000
86165                            174.500         -35.175           0.000
88160                            174.700         -35.550           0.000
89160                            174.800         -35.550           0.000
90160                            174.900         -35.550           0.000
71161                            173.000         -35.475           0.000
72161                            173.100         -35.475           0.000
73161                            173.200         -35.475           0.000
74161                            173.300         -35.475           0.000
75161                            173.400         -35.475           0.000
76161                            173.500         -35.475           0.000
77161                            173.600         -35.475           0.000
78161                            173.700         -35.475           0.000
79161                            173.800         -35.475           0.000
80161                            173.900         -35.475           0.000
81161                            174.000         -35.475           0.000
82161                            174.100         -35.475           0.000
83161                            174.200         -35.475           0.000
84161                            174.300         -35.475           0.000
85161                            174.400         -35.475           0.000
86161                            174.500         -35.475           0.000
87161                            174.600         -35.475           0.000
88161                            174.700         -35.475           0.000
89161                            174.800         -35.475           0.000
90161                            174.900         -35.475           0.000
91161                            175.000         -35.475           0.000
71162                            173.000         -35.400           0.000
72162                            173.100         -35.400           0.000
73162                            173.200         -35.400           0.000
74162                            173.300         -35.400           0.000
75162                            173.400         -35.400           0.000
76162                            173.500         -35.400           0.000
77162                            173.600         -35.400           0.000
78162                            173.700         -35.400           0.000
79162                            173.800         -35.400           0.000
80162                            173.900         -35.400           0.000
81162                            174.000         -35.400           0.000
82162                            174.100         -35.400           0.000
83162                            174.200         -35.400           0.000
84162                            174.300         -35.400           0.000
85162                            174.400         -35.400           0.000
86162                            174.500         -35.400           0.000
87162                            174.600         -35.400           0.000
88162                            174.700         -35.400           0.000
89162                            174.800         -35.400           0.000
90162                            174.900         -35.400           0.000
70163                            172.900         -35.325           0.000
71163                            173.000         -35.325           0.000
72163                            173.100         -35.325           0.000
73163                            173.200         -35.325           0.000
74163                            173.300         -35.325           0.000
75163                            173.400         -35.325           0.000
74158                            173.300         -35.700           0.000
75158                            173.400         -35.700           0.000
76158                            173.500         -35.700           0.000
77158                            173.600         -35.700           0.000
78158                            173.700         -35.700           0.000
79158                            173.800         -35.700           0.000
80158                            173.900         -35.700           0.000
81158                            174.000         -35.700           0.000
82158                            174.100         -35.700           0.000
83158                            174.200         -35.700           0.000
84158                            174.300         -35.700           0.000
85158                            174.400         -35.700           0.000
86158                            174.500         -35.700           0.000
87158                            174.600         -35.700           0.000
88158                            174.700         -35.700           0.000
89158                            174.800         -35.700           0.000
73159                            173.200         -35.625           0.000
74159                            173.300         -35.625           0.000
75159                            173.400         -35.625           0.000
76159                            173.500         -35.625           0.000
77159                            173.600         -35.625           0.000
78159                            173.700         -35.625           0.000
79159                            173.800         -35.625           0.000
80159                            173.900         -35.625           0.000
81159                            174.000         -35.625           0.000
82159                            174.100         -35.625           0.000
83159                            174.200         -35.625           0.000
84159                            174.300         -35.625           0.000
85159                            174.400         -35.625           0.000
86159                            174.500         -35.625           0.000
87159                            174.600         -35.625           0.000
88159                            174.700         -35.625           0.000
89159                            174.800         -35.625           0.000
90159                            174.900         -35.625           0.000
72160                            173.100         -35.550           0.000
73160                            173.200         -35.550           0.000
74160                            173.300         -35.550           0.000
75160                            173.400         -35.550           0.000
76160                            173.500         -35.550           0.000
77160                            173.600         -35.550           0.000
78160                            173.700         -35.550           0.000
79160                            173.800         -35.550           0.000
80160                            173.900         -35.550           0.000
81160                            174.000         -35.550           0.000
82160                            174.100         -35.550           0.000
83160                            174.200         -35.550           0.000
84160                            174.300         -35.550           0.000
85160                            174.400         -35.550           0.000
86160                            174.500         -35.550           0.000
87160                            174.600         -35.550           0.000
92155                            175.100         -35.925           0.000
93155                            175.200         -35.925           0.000
94155                            175.300         -35.925           0.000
95155                            175.400         -35.925           0.000
96155                            175.500         -35.925           0.000
97155                            175.600         -35.925           0.000
75156                            173.400         -35.850           0.000
76156                            173.500         -35.850           0.000
77156                            173.600         -35.850           0.000
78156                            173.700         -35.850           0.000
79156                            173.800         -35.850           0.000
80156                            173.900         -35.850           0.000
81156                            174.000         -35.850           0.000
82156                            174.100         -35.850           0.000
83156                            174.200         -35.850           0.000
84156                            174.300         -35.850           0.000
85156                            174.400         -35.850           0.000
86156                            174.500         -35.850           0.000
87156                            174.600         -35.850           0.000
88156                            174.700         -35.850           0.000
89156                            174.800         -35.850           0.000
90156                            174.900         -35.850           0.000
91156                            175.000         -35.850           0.000
92156                            175.100         -35.850           0.000
93156                            175.200         -35.850           0.000
94156                            175.300         -35.850           0.000
95156                            175.400         -35.850           0.000
96156                            175.500         -35.850           0.000
74157                            173.300         -35.775           0.000
75157                            173.400         -35.775           0.000
76157                            173.500         -35.775           0.000
77157                            173.600         -35.775           0.000
78157                            173.700         -35.775           0.000
79157                            173.800         -35.775           0.000
80157                            173.900         -35.775           0.000
81157                            174.000         -35.775           0.000
82157                            174.100         -35.775           0.000
83157                            174.200         -35.775           0.000
84157                            174.300         -35.775           0.000
85157                            174.400         -35.775           0.000
86157                            174.500         -35.775           0.000
87157                            174.600         -35.775           0.000
88157                            174.700         -35.775           0.000
89157                            174.800         -35.775           0.000
90157                            174.900         -35.775           0.000
91157                            175.000         -35.775           0.000
92157                            175.100         -35.775           0.000
93157                            175.200         -35.775           0.000
94157                            175.300         -35.775           0.000
73158                            173.200         -35.700           0.000
89153                            174.800         -36.075           0.000
90153                            174.900         -36.075           0.000
91153                            175.000         -36.075           0.000
92153                            175.100         -36.075           0.000
93153                            175.200         -36.075           0.000
94153                            175.300         -36.075           0.000
95153                            175.400         -36.075           0.000
96153                            175.500         -36.075           0.000
97153                            175.600         -36.075           0.000
98153                            175.700         -36.075           0.000
76154                            173.500         -36.000           0.000
77154                            173.600         -36.000           0.000
78154                            173.700         -36.000           0.000
79154                            173.800         -36.000           0.000
80154                            173.900         -36.000           0.000
81154                            174.000         -36.000           0.000
82154                            174.100         -36.000           0.000
83154                            174.200         -36.000           0.000
84154                            174.300         -36.000           0.000
85154                            174.400         -36.000           0.000
86154                            174.500         -36.000           0.000
87154                            174.600         -36.000           0.000
88154                            174.700         -36.000           0.000
89154                            174.800         -36.000           0.000
90154                            174.900         -36.000           0.000
91154                            175.000         -36.000           0.000
92154                            175.100         -36.000           0.000
93154                            175.200         -36.000           0.000
94154                            175.300         -36.000           0.000
95154                            175.400         -36.000           0.000
96154                            175.500         -36.000           0.000
97154                            175.600         -36.000           0.000
98154                            175.700         -36.000           0.000
75155                            173.400         -35.925           0.000
76155                            173.500         -35.925           0.000
77155                            173.600         -35.925           0.000
78155                            173.700         -35.925           0.000
79155                            173.800         -35.925           0.000
80155                            173.900         -35.925           0.000
81155                            174.000         -35.925           0.000
82155                            174.100         -35.925           0.000
83155                            174.200         -35.925           0.000
84155                            174.300         -35.925           0.000
85155                            174.400         -35.925           0.000
86155                            174.500         -35.925           0.000
87155                            174.600         -35.925           0.000
88155                            174.700         -35.925           0.000
89155                            174.800         -35.925           0.000
90155                            174.900         -35.925           0.000
91155                            175.000         -35.925           0.000
84151                            174.300         -36.225           0.000
85151                            174.400         -36.225           0.000
86151                            174.500         -36.225           0.000
87151                            174.600         -36.225           0.000
88151                            174.700         -36.225           0.000
89151                            174.800         -36.225           0.000
90151                            174.900         -36.225           0.000
91151                            175.000         -36.225           0.000
92151                            175.100         -36.225           0.000
93151                            175.200         -36.225           0.000
94151                            175.300         -36.225           0.000
95151                            175.400         -36.225           0.000
96151                            175.500         -36.225           0.000
97151                            175.600         -36.225           0.000
98151                            175.700         -36.225           0.000
77152                            173.600         -36.150           0.000
78152                            173.700         -36.150           0.000
79152                            173.800         -36.150           0.000
80152                            173.900         -36.150           0.000
81152                            174.000         -36.150           0.000
82152                            174.100         -36.150           0.000
83152                            174.200         -36.150           0.000
84152                            174.300         -36.150           0.000
85152                            174.400         -36.150           0.000
86152                            174.500         -36.150           0.000
87152                            174.600         -36.150           0.000
88152                            174.700         -36.150           0.000
89152                            174.800         -36.150           0.000
90152                            174.900         -36.150           0.000
91152                            175.000         -36.150           0.000
92152                            175.100         -36.150           0.000
93152                            175.200         -36.150           0.000
94152                            175.300         -36.150           0.000
95152                            175.400         -36.150           0.000
96152                            175.500         -36.150           0.000
97152                            175.600         -36.150           0.000
98152                            175.700         -36.150           0.000
76153                            173.500         -36.075           0.000
77153                            173.600         -36.075           0.000
78153                            173.700         -36.075           0.000
79153                            173.800         -36.075           0.000
80153                            173.900         -36.075           0.000
81153                            174.000         -36.075           0.000
82153                            174.100         -36.075           0.000
83153                            174.200         -36.075           0.000
84153                            174.300         -36.075           0.000
85153                            174.400         -36.075           0.000
86153                            174.500         -36.075           0.000
87153                            174.600         -36.075           0.000
88153                            174.700         -36.075           0.000
81149                            174.000         -36.375           0.000
82149                            174.100         -36.375           0.000
83149                            174.200         -36.375           0.000
84149                            174.300         -36.375           0.000
85149                            174.400         -36.375           0.000
86149                            174.500         -36.375           0.000
87149                            174.600         -36.375           0.000
88149                            174.700         -36.375           0.000
89149                            174.800         -36.375           0.000
90149                            174.900         -36.375           0.000
91149                            175.000         -36.375           0.000
92149                            175.100         -36.375           0.000
93149                            175.200         -36.375           0.000
94149                            175.300         -36.375           0.000
95149                            175.400         -36.375           0.000
96149                            175.500         -36.375           0.000
97149                            175.600         -36.375           0.000
98149                            175.700         -36.375           0.000
99149                            175.800         -36.375           0.000
100149                           175.900         -36.375           0.000
101149                           176.000         -36.375           0.000
78150                            173.700         -36.300           0.000
79150                            173.800         -36.300           0.000
80150                            173.900         -36.300           0.000
81150                            174.000         -36.300           0.000
82150                            174.100         -36.300           0.000
83150                            174.200         -36.300           0.000
84150                            174.300         -36.300           0.000
85150                            174.400         -36.300           0.000
86150                            174.500         -36.300           0.000
87150                            174.600         -36.300           0.000
88150                            174.700         -36.300           0.000
89150                            174.800         -36.300           0.000
90150                            174.900         -36.300           0.000
91150                            175.000         -36.300           0.000
92150                            175.100         -36.300           0.000
93150                            175.200         -36.300           0.000
94150                            175.300         -36.300           0.000
95150                            175.400         -36.300           0.000
96150                            175.500         -36.300           0.000
97150                            175.600         -36.300           0.000
98150                            175.700         -36.300           0.000
99150                            175.800         -36.300           0.000
100150                           175.900         -36.300           0.000
78151                            173.700         -36.225           0.000
79151                            173.800         -36.225           0.000
80151                            173.900         -36.225           0.000
81151                            174.000         -36.225           0.000
82151                            174.100         -36.225           0.000
83151                            174.200         -36.225           0.000
100146                           175.900         -36.600           0.000
101146                           176.000         -36.600           0.000
102146                           176.100         -36.600           0.000
80147                            173.900         -36.525           0.000
81147                            174.000         -36.525           0.000
82147                            174.100         -36.525           0.000
83147                            174.200         -36.525           0.000
84147                            174.300         -36.525           0.000
85147                            174.400         -36.525           0.000
86147                            174.500         -36.525           0.000
87147                            174.600         -36.525           0.000
88147                            174.700         -36.525           0.000
89147                            174.800         -36.525           0.000
90147                            174.900         -36.525           0.000
91147                            175.000         -36.525           0.000
92147                            175.100         -36.525           0.000
93147                            175.200         -36.525           0.000
94147                            175.300         -36.525           0.000
95147                            175.400         -36.525           0.000
96147                            175.500         -36.525           0.000
97147                            175.600         -36.525           0.000
98147                            175.700         -36.525           0.000
99147                            175.800         -36.525           0.000
100147                           175.900         -36.525           0.000
101147                           176.000         -36.525           0.000
102147                           176.100         -36.525           0.000
80148                            173.900         -36.450           0.000
81148                            174.000         -36.450           0.000
82148                            174.100         -36.450           0.000
83148                            174.200         -36.450           0.000
84148                            174.300         -36.450           0.000
85148                            174.400         -36.450           0.000
86148                            174.500         -36.450           0.000
87148                            174.600         -36.450           0.000
88148                            174.700         -36.450           0.000
89148                            174.800         -36.450           0.000
90148                            174.900         -36.450           0.000
91148                            175.000         -36.450           0.000
92148                            175.100         -36.450           0.000
93148                            175.200         -36.450           0.000
94148                            175.300         -36.450           0.000
95148                            175.400         -36.450           0.000
96148                            175.500         -36.450           0.000
97148                            175.600         -36.450           0.000
98148                            175.700         -36.450           0.000
99148                            175.800         -36.450           0.000
100148                           175.900         -36.450           0.000
101148                           176.000         -36.450           0.000
79149                            173.800         -36.375           0.000
80149                            173.900         -36.375           0.000
93144                            175.200         -36.750           0.000
94144                            175.300         -36.750           0.000
95144                            175.400         -36.750           0.000
96144                            175.500         -36.750           0.000
97144                            175.600         -36.750           0.000
98144                            175.700         -36.750           0.000
99144                            175.800         -36.750           0.000
100144                           175.900         -36.750           0.000
101144                           176.000         -36.750           0.000
102144                           176.100         -36.750           0.000
82145                            174.100         -36.675           0.000
83145                            174.200         -36.675           0.000
84145                            174.300         -36.675           0.000
85145                            174.400         -36.675           0.000
86145                            174.500         -36.675           0.000
87145                            174.600         -36.675           0.000
88145                            174.700         -36.675           0.000
89145                            174.800         -36.675           0.000
90145                            174.900         -36.675           0.000
91145                            175.000         -36.675           0.000
92145                            175.100         -36.675           0.000
93145                            175.200         -36.675           0.000
94145                            175.300         -36.675           0.000
95145                            175.400         -36.675           0.000
96145                            175.500         -36.675           0.000
97145                            175.600         -36.675           0.000
98145                            175.700         -36.675           0.000
99145                            175.800         -36.675           0.000
100145                           175.900         -36.675           0.000
101145                           176.000         -36.675           0.000
102145                           176.100         -36.675           0.000
81146                            174.000         -36.600           0.000
82146                            174.100         -36.600           0.000
83146                            174.200         -36.600           0.000
84146                            174.300         -36.600           0.000
85146                            174.400         -36.600           0.000
86146                            174.500         -36.600           0.000
87146                            174.600         -36.600           0.000
88146                            174.700         -36.600           0.000
89146                            174.800         -36.600           0.000
90146                            174.900         -36.600           0.000
91146                            175.000         -36.600           0.000
92146                            175.100         -36.600           0.000
93146                            175.200         -36.600           0.000
94146                            175.300         -36.600           0.000
95146                            175.400         -36.600           0.000
96146                            175.500         -36.600           0.000
97146                            175.600         -36.600           0.000
98146                            175.700         -36.600           0.000
99146                            175.800         -36.600           0.000
88142                            174.700         -36.900           0.000
89142                            174.800         -36.900           0.000
90142                            174.900         -36.900           0.000
91142                            175.000         -36.900           0.000
92142                            175.100         -36.900           0.000
93142                            175.200         -36.900           0.000
94142                            175.300         -36.900           0.000
95142                            175.400         -36.900           0.000
96142                            175.500         -36.900           0.000
97142                            175.600         -36.900           0.000
98142                            175.700         -36.900           0.000
99142                            175.800         -36.900           0.000
100142                           175.900         -36.900           0.000
101142                           176.000         -36.900           0.000
102142                           176.100         -36.900           0.000
103142                           176.200         -36.900           0.000
104142                           176.300         -36.900           0.000
83143                            174.200         -36.825           0.000
84143                            174.300         -36.825           0.000
85143                            174.400         -36.825           0.000
86143                            174.500         -36.825           0.000
87143                            174.600         -36.825           0.000
88143                            174.700         -36.825           0.000
89143                            174.800         -36.825           0.000
90143                            174.900         -36.825           0.000
91143                            175.000         -36.825           0.000
92143                            175.100         -36.825           0.000
93143                            175.200         -36.825           0.000
94143                            175.300         -36.825           0.000
95143                            175.400         -36.825           0.000
96143                            175.500         -36.825           0.000
97143                            175.600         -36.825           0.000
98143                            175.700         -36.825           0.000
99143                            175.800         -36.825           0.000
100143                           175.900         -36.825           0.000
101143                           176.000         -36.825           0.000
102143                           176.100         -36.825           0.000
103143                           176.200         -36.825           0.000
104143                           176.300         -36.825           0.000
82144                            174.100         -36.750           0.000
83144                            174.200         -36.750           0.000
84144                            174.300         -36.750           0.000
85144                            174.400         -36.750           0.000
86144                            174.500         -36.750           0.000
87144                            174.600         -36.750           0.000
88144                            174.700         -36.750           0.000
89144                            174.800         -36.750           0.000
90144                            174.900         -36.750           0.000
91144                            175.000         -36.750           0.000
92144                            175.100         -36.750           0.000
103139                           176.200         -37.125           0.000
104139                           176.300         -37.125           0.000
105139                           176.400         -37.125           0.000
84140                            174.300         -37.050           0.000
85140                            174.400         -37.050           0.000
86140                            174.500         -37.050           0.000
87140                            174.600         -37.050           0.000
88140                            174.700         -37.050           0.000
89140                            174.800         -37.050           0.000
90140                            174.900         -37.050           0.000
91140                            175.000         -37.050           0.000
92140                            175.100         -37.050           0.000
93140                            175.200         -37.050           0.000
94140                            175.300         -37.050           0.000
95140                            175.400         -37.050           0.000
96140                            175.500         -37.050           0.000
97140                            175.600         -37.050           0.000
98140                            175.700         -37.050           0.000
99140                            175.800         -37.050           0.000
100140                           175.900         -37.050           0.000
101140                           176.000         -37.050           0.000
102140                           176.100         -37.050           0.000
103140                           176.200         -37.050           0.000
104140                           176.300         -37.050           0.000
84141                            174.300         -36.975           0.000
85141                            174.400         -36.975           0.000
86141                            174.500         -36.975           0.000
87141                            174.600         -36.975           0.000
88141                            174.700         -36.975           0.000
89141                            174.800         -36.975           0.000
90141                            174.900         -36.975           0.000
91141                            175.000         -36.975           0.000
92141                            175.100         -36.975           0.000
93141                            175.200         -36.975           0.000
94141                            175.300         -36.975           0.000
95141                            175.400         -36.975           0.000
96141                            175.500         -36.975           0.000
97141                            175.600         -36.975           0.000
98141                            175.700         -36.975           0.000
99141                            175.800         -36.975           0.000
100141                           175.900         -36.975           0.000
101141                           176.000         -36.975           0.000
102141                           176.100         -36.975           0.000
103141                           176.200         -36.975           0.000
104141                           176.300         -36.975           0.000
83142                            174.200         -36.900           0.000
84142                            174.300         -36.900           0.000
85142                            174.400         -36.900           0.000
86142                            174.500         -36.900           0.000
87142                            174.600         -36.900           0.000
98137                            175.700         -37.275           0.000
99137                            175.800         -37.275           0.000
100137                           175.900         -37.275           0.000
101137                           176.000         -37.275           0.000
102137                           176.100         -37.275           0.000
103137                           176.200         -37.275           0.000
104137                           176.300         -37.275           0.000
105137                           176.400         -37.275           0.000
106137                           176.500         -37.275           0.000
85138                            174.400         -37.200           0.000
86138                            174.500         -37.200           0.000
87138                            174.600         -37.200           0.000
88138                            174.700         -37.200           0.000
89138                            174.800         -37.200           0.000
90138                            174.900         -37.200           0.000
91138                            175.000         -37.200           0.000
92138                            175.100         -37.200           0.000
93138                            175.200         -37.200           0.000
94138                            175.300         -37.200           0.000
95138                            175.400         -37.200           0.000
96138                            175.500         -37.200           0.000
97138                            175.600         -37.200           0.000
98138                            175.700         -37.200           0.000
99138                            175.800         -37.200           0.000
100138                           175.900         -37.200           0.000
101138                           176.000         -37.200           0.000
102138                           176.100         -37.200           0.000
103138                           176.200         -37.200           0.000
104138                           176.300         -37.200           0.000
105138                           176.400         -37.200           0.000
106138                           176.500         -37.200           0.000
84139                            174.300         -37.125           0.000
85139                            174.400         -37.125           0.000
86139                            174.500         -37.125           0.000
87139                            174.600         -37.125           0.000
88139                            174.700         -37.125           0.000
89139                            174.800         -37.125           0.000
90139                            174.900         -37.125           0.000
91139                            175.000         -37.125           0.000
92139                            175.100         -37.125           0.000
93139                            175.200         -37.125           0.000
94139                            175.300         -37.125           0.000
95139                            175.400         -37.125           0.000
96139                            175.500         -37.125           0.000
97139                            175.600         -37.125           0.000
98139                            175.700         -37.125           0.000
99139                            175.800         -37.125           0.000
100139                           175.900         -37.125           0.000
101139                           176.000         -37.125           0.000
102139                           176.100         -37.125           0.000
114135                           177.300         -37.425           0.000
115135                           177.400         -37.425           0.000
119135                           177.800         -37.425           0.000
120135                           177.900         -37.425           0.000
121135                           178.000         -37.425           0.000
122135                           178.100         -37.425           0.000
123135                           178.200         -37.425           0.000
124135                           178.300         -37.425           0.000
125135                           178.400         -37.425           0.000
85136                            174.400         -37.350           0.000
86136                            174.500         -37.350           0.000
87136                            174.600         -37.350           0.000
88136                            174.700         -37.350           0.000
89136                            174.800         -37.350           0.000
90136                            174.900         -37.350           0.000
91136                            175.000         -37.350           0.000
92136                            175.100         -37.350           0.000
93136                            175.200         -37.350           0.000
94136                            175.300         -37.350           0.000
95136                            175.400         -37.350           0.000
96136                            175.500         -37.350           0.000
97136                            175.600         -37.350           0.000
98136                            175.700         -37.350           0.000
99136                            175.800         -37.350           0.000
100136                           175.900         -37.350           0.000
101136                           176.000         -37.350           0.000
102136                           176.100         -37.350           0.000
103136                           176.200         -37.350           0.000
104136                           176.300         -37.350           0.000
105136                           176.400         -37.350           0.000
106136                           176.500         -37.350           0.000
112136                           177.100         -37.350           0.000
113136                           177.200         -37.350           0.000
114136                           177.300         -37.350           0.000
121136                           178.000         -37.350           0.000
122136                           178.100         -37.350           0.000
123136                           178.200         -37.350           0.000
85137                            174.400         -37.275           0.000
86137                            174.500         -37.275           0.000
87137                            174.600         -37.275           0.000
88137                            174.700         -37.275           0.000
89137                            174.800         -37.275           0.000
90137                            174.900         -37.275           0.000
91137                            175.000         -37.275           0.000
92137                            175.100         -37.275           0.000
93137                            175.200         -37.275           0.000
94137                            175.300         -37.275           0.000
95137                            175.400         -37.275           0.000
96137                            175.500         -37.275           0.000
97137                            175.600         -37.275           0.000
98134                            175.700         -37.500           0.000
99134                            175.800         -37.500           0.000
100134                           175.900         -37.500           0.000
101134                           176.000         -37.500           0.000
102134                           176.100         -37.500           0.000
103134                           176.200         -37.500           0.000
104134                           176.300         -37.500           0.000
105134                           176.400         -37.500           0.000
106134                           176.500         -37.500           0.000
107134                           176.600         -37.500           0.000
108134                           176.700         -37.500           0.000
111134                           177.000         -37.500           0.000
112134                           177.100         -37.500           0.000
113134                           177.200         -37.500           0.000
114134                           177.300         -37.500           0.000
115134                           177.400         -37.500           0.000
118134                           177.700         -37.500           0.000
119134                           177.800         -37.500           0.000
120134                           177.900         -37.500           0.000
121134                           178.000         -37.500           0.000
122134                           178.100         -37.500           0.000
123134                           178.200         -37.500           0.000
124134                           178.300         -37.500           0.000
125134                           178.400         -37.500           0.000
126134                           178.500         -37.500           0.000
127134                           178.600         -37.500           0.000
86135                            174.500         -37.425           0.000
87135                            174.600         -37.425           0.000
88135                            174.700         -37.425           0.000
89135                            174.800         -37.425           0.000
90135                            174.900         -37.425           0.000
91135                            175.000         -37.425           0.000
92135                            175.100         -37.425           0.000
93135                            175.200         -37.425           0.000
94135                            175.300         -37.425           0.000
95135                            175.400         -37.425           0.000
96135                            175.500         -37.425           0.000
97135                            175.600         -37.425           0.000
98135                            175.700         -37.425           0.000
99135                            175.800         -37.425           0.000
100135                           175.900         -37.425           0.000
101135                           176.000         -37.425           0.000
102135                           176.100         -37.425           0.000
103135                           176.200         -37.425           0.000
104135                           176.300         -37.425           0.000
105135                           176.400         -37.425           0.000
106135                           176.500         -37.425           0.000
111135                           177.000         -37.425           0.000
112135                           177.100         -37.425           0.000
113135                           177.200         -37.425           0.000
88133                            174.700         -37.575           0.000
89133                            174.800         -37.575           0.000
90133                            174.900         -37.575           0.000
91133                            175.000         -37.575           0.000
92133                            175.100         -37.575           0.000
93133                            175.200         -37.575           0.000
94133                            175.300         -37.575           0.000
95133                            175.400         -37.575           0.000
96133                            175.500         -37.575           0.000
97133                            175.600         -37.575           0.000
98133                            175.700         -37.575           0.000
99133                            175.800         -37.575           0.000
100133                           175.900         -37.575           0.000
101133                           176.000         -37.575           0.000
102133                           176.100         -37.575           0.000
103133                           176.200         -37.575           0.000
104133                           176.300         -37.575           0.000
105133                           176.400         -37.575           0.000
106133                           176.500         -37.575           0.000
107133                           176.600         -37.575           0.000
108133                           176.700         -37.575           0.000
111133                           177.000         -37.575           0.000
112133                           177.100         -37.575           0.000
113133                           177.200         -37.575           0.000
114133                           177.300         -37.575           0.000
115133                           177.400         -37.575           0.000
117133                           177.600         -37.575           0.000
118133                           177.700         -37.575           0.000
119133                           177.800         -37.575           0.000
120133                           177.900         -37.575           0.000
121133                           178.000         -37.575           0.000
122133                           178.100         -37.575           0.000
123133                           178.200         -37.575           0.000
124133                           178.300         -37.575           0.000
125133                           178.400         -37.575           0.000
126133                           178.500         -37.575           0.000
127133                           178.600         -37.575           0.000
128133                           178.700         -37.575           0.000
86134                            174.500         -37.500           0.000
87134                            174.600         -37.500           0.000
88134                            174.700         -37.500           0.000
89134                            174.800         -37.500           0.000
90134                            174.900         -37.500           0.000
91134                            175.000         -37.500           0.000
92134                            175.100         -37.500           0.000
93134                            175.200         -37.500           0.000
94134                            175.300         -37.500           0.000
95134                            175.400         -37.500           0.000
96134                            175.500         -37.500           0.000
97134                            175.600         -37.500           0.000
124131                           178.300         -37.725           0.000
125131                           178.400         -37.725           0.000
126131                           178.500         -37.725           0.000
127131                           178.600         -37.725           0.000
128131                           178.700         -37.725           0.000
129131                           178.800         -37.725           0.000
87132                            174.600         -37.650           0.000
88132                            174.700         -37.650           0.000
89132                            174.800         -37.650           0.000
90132                            174.900         -37.650           0.000
91132                            175.000         -37.650           0.000
92132                            175.100         -37.650           0.000
93132                            175.200         -37.650           0.000
94132                            175.300         -37.650           0.000
95132                            175.400         -37.650           0.000
96132                            175.500         -37.650           0.000
97132                            175.600         -37.650           0.000
98132                            175.700         -37.650           0.000
99132                            175.800         -37.650           0.000
100132                           175.900         -37.650           0.000
101132                           176.000         -37.650           0.000
102132                           176.100         -37.650           0.000
103132                           176.200         -37.650           0.000
104132                           176.300         -37.650           0.000
105132                           176.400         -37.650           0.000
106132                           176.500         -37.650           0.000
107132                           176.600         -37.650           0.000
108132                           176.700         -37.650           0.000
109132                           176.800         -37.650           0.000
110132                           176.900         -37.650           0.000
111132                           177.000         -37.650           0.000
112132                           177.100         -37.650           0.000
113132                           177.200         -37.650           0.000
114132                           177.300         -37.650           0.000
116132                           177.500         -37.650           0.000
117132                           177.600         -37.650           0.000
118132                           177.700         -37.650           0.000
119132                           177.800         -37.650           0.000
120132                           177.900         -37.650           0.000
121132                           178.000         -37.650           0.000
122132                           178.100         -37.650           0.000
123132                           178.200         -37.650           0.000
124132                           178.300         -37.650           0.000
125132                           178.400         -37.650           0.000
126132                           178.500         -37.650           0.000
127132                           178.600         -37.650           0.000
128132                           178.700         -37.650           0.000
129132                           178.800         -37.650           0.000
86133                            174.500         -37.575           0.000
87133                            174.600         -37.575           0.000
114130                           177.300         -37.800           0.000
115130                           177.400         -37.800           0.000
116130                           177.500         -37.800           0.000
117130                           177.600         -37.800           0.000
118130                           177.700         -37.800           0.000
119130                           177.800         -37.800           0.000
120130                           177.900         -37.800           0.000
121130                           178.000         -37.800           0.000
122130                           178.100         -37.800           0.000
123130                           178.200         -37.800           0.000
124130                           178.300         -37.800           0.000
125130                           178.400         -37.800           0.000
126130                           178.500         -37.800           0.000
127130                           178.600         -37.800           0.000
128130                           178.700         -37.800           0.000
87131                            174.600         -37.725           0.000
88131                            174.700         -37.725           0.000
89131                            174.800         -37.725           0.000
90131                            174.900         -37.725           0.000
91131                            175.000         -37.725           0.000
92131                            175.100         -37.725           0.000
93131                            175.200         -37.725           0.000
94131                            175.300         -37.725           0.000
95131                            175.400         -37.725           0.000
96131                            175.500         -37.725           0.000
97131                            175.600         -37.725           0.000
98131                            175.700         -37.725           0.000
99131                            175.800         -37.725           0.000
100131                           175.900         -37.725           0.000
101131                           176.000         -37.725           0.000
102131                           176.100         -37.725           0.000
103131                           176.200         -37.725           0.000
104131                           176.300         -37.725           0.000
105131                           176.400         -37.725           0.000
106131                           176.500         -37.725           0.000
107131                           176.600         -37.725           0.000
108131                           176.700         -37.725           0.000
109131                           176.800         -37.725           0.000
110131                           176.900         -37.725           0.000
111131                           177.000         -37.725           0.000
112131                           177.100         -37.725           0.000
115131                           177.400         -37.725           0.000
116131                           177.500         -37.725           0.000
117131                           177.600         -37.725           0.000
118131                           177.700         -37.725           0.000
119131                           177.800         -37.725           0.000
120131                           177.900         -37.725           0.000
121131                           178.000         -37.725           0.000
122131                           178.100         -37.725           0.000
123131                           178.200         -37.725           0.000
107129                           176.600         -37.875           0.000
108129                           176.700         -37.875           0.000
109129                           176.800         -37.875           0.000
110129                           176.900         -37.875           0.000
111129                           177.000         -37.875           0.000
112129                           177.100         -37.875           0.000
113129                           177.200         -37.875           0.000
114129                           177.300         -37.875           0.000
115129                           177.400         -37.875           0.000
116129                           177.500         -37.875           0.000
117129                           177.600         -37.875           0.000
118129                           177.700         -37.875           0.000
119129                           177.800         -37.875           0.000
120129                           177.900         -37.875           0.000
121129                           178.000         -37.875           0.000
122129                           178.100         -37.875           0.000
123129                           178.200         -37.875           0.000
124129                           178.300         -37.875           0.000
125129                           178.400         -37.875           0.000
126129                           178.500         -37.875           0.000
127129                           178.600         -37.875           0.000
128129                           178.700         -37.875           0.000
86130                            174.500         -37.800           0.000
87130                            174.600         -37.800           0.000
88130                            174.700         -37.800           0.000
89130                            174.800         -37.800           0.000
90130                            174.900         -37.800           0.000
91130                            175.000         -37.800           0.000
92130                            175.100         -37.800           0.000
93130                            175.200         -37.800           0.000
94130                            175.300         -37.800           0.000
95130                            175.400         -37.800           0.000
96130                            175.500         -37.800           0.000
97130                            175.600         -37.800           0.000
98130                            175.700         -37.800           0.000
99130                            175.800         -37.800           0.000
100130                           175.900         -37.800           0.000
101130                           176.000         -37.800           0.000
102130                           176.100         -37.800           0.000
103130                           176.200         -37.800           0.000
104130                           176.300         -37.800           0.000
105130                           176.400         -37.800           0.000
106130                           176.500         -37.800           0.000
107130                           176.600         -37.800           0.000
108130                           176.700         -37.800           0.000
109130                           176.800         -37.800           0.000
110130                           176.900         -37.800           0.000
111130                           177.000         -37.800           0.000
112130                           177.100         -37.800           0.000
113130                           177.200         -37.800           0.000
100128                           175.900         -37.950           0.000
101128                           176.000         -37.950           0.000
102128                           176.100         -37.950           0.000
103128                           176.200         -37.950           0.000
104128                           176.300         -37.950           0.000
105128                           176.400         -37.950           0.000
106128                           176.500         -37.950           0.000
107128                           176.600         -37.950           0.000
108128                           176.700         -37.950           0.000
109128                           176.800         -37.950           0.000
110128                           176.900         -37.950           0.000
111128                           177.000         -37.950           0.000
112128                           177.100         -37.950           0.000
113128                           177.200         -37.950           0.000
114128                           177.300         -37.950           0.000
115128                           177.400         -37.950           0.000
116128                           177.500         -37.950           0.000
117128                           177.600         -37.950           0.000
118128                           177.700         -37.950           0.000
119128                           177.800         -37.950           0.000
120128                           177.900         -37.950           0.000
121128                           178.000         -37.950           0.000
122128                           178.100         -37.950           0.000
123128                           178.200         -37.950           0.000
124128                           178.300         -37.950           0.000
125128                           178.400         -37.950           0.000
126128                           178.500         -37.950           0.000
127128                           178.600         -37.950           0.000
85129                            174.400         -37.875           0.000
86129                            174.500         -37.875           0.000
87129                            174.600         -37.875           0.000
88129                            174.700         -37.875           0.000
89129                            174.800         -37.875           0.000
90129                            174.900         -37.875           0.000
91129                            175.000         -37.875           0.000
92129                            175.100         -37.875           0.000
93129                            175.200         -37.875           0.000
94129                            175.300         -37.875           0.000
95129                            175.400         -37.875           0.000
96129                            175.500         -37.875           0.000
97129                            175.600         -37.875           0.000
98129                            175.700         -37.875           0.000
99129                            175.800         -37.875           0.000
100129                           175.900         -37.875           0.000
101129                           176.000         -37.875           0.000
102129                           176.100         -37.875           0.000
103129                           176.200         -37.875           0.000
104129                           176.300         -37.875           0.000
105129                           176.400         -37.875           0.000
106129                           176.500         -37.875           0.000
93127                            175.200         -38.025           0.000
94127                            175.300         -38.025           0.000
95127                            175.400         -38.025           0.000
96127                            175.500         -38.025           0.000
97127                            175.600         -38.025           0.000
98127                            175.700         -38.025           0.000
99127                            175.800         -38.025           0.000
100127                           175.900         -38.025           0.000
101127                           176.000         -38.025           0.000
102127                           176.100         -38.025           0.000
103127                           176.200         -38.025           0.000
104127                           176.300         -38.025           0.000
105127                           176.400         -38.025           0.000
106127                           176.500         -38.025           0.000
107127                           176.600         -38.025           0.000
108127                           176.700         -38.025           0.000
109127                           176.800         -38.025           0.000
110127                           176.900         -38.025           0.000
111127                           177.000         -38.025           0.000
112127                           177.100         -38.025           0.000
113127                           177.200         -38.025           0.000
114127                           177.300         -38.025           0.000
115127                           177.400         -38.025           0.000
116127                           177.500         -38.025           0.000
117127                           177.600         -38.025           0.000
118127                           177.700         -38.025           0.000
119127                           177.800         -38.025           0.000
120127                           177.900         -38.025           0.000
121127                           178.000         -38.025           0.000
122127                           178.100         -38.025           0.000
123127                           178.200         -38.025           0.000
124127                           178.300         -38.025           0.000
125127                           178.400         -38.025           0.000
126127                           178.500         -38.025           0.000
127127                           178.600         -38.025           0.000
85128                            174.400         -37.950           0.000
86128                            174.500         -37.950           0.000
87128                            174.600         -37.950           0.000
88128                            174.700         -37.950           0.000
89128                            174.800         -37.950           0.000
90128                            174.900         -37.950           0.000
91128                            175.000         -37.950           0.000
92128                            175.100         -37.950           0.000
93128                            175.200         -37.950           0.000
94128                            175.300         -37.950           0.000
95128                            175.400         -37.950           0.000
96128                            175.500         -37.950           0.000
97128                            175.600         -37.950           0.000
98128                            175.700         -37.950           0.000
99128                            175.800         -37.950           0.000
86126                            174.500         -38.100           0.000
87126                            174.600         -38.100           0.000
88126                            174.700         -38.100           0.000
89126                            174.800         -38.100           0.000
90126                            174.900         -38.100           0.000
91126                            175.000         -38.100           0.000
92126                            175.100         -38.100           0.000
93126                            175.200         -38.100           0.000
94126                            175.300         -38.100           0.000
95126                            175.400         -38.100           0.000
96126                            175.500         -38.100           0.000
97126                            175.600         -38.100           0.000
98126                            175.700         -38.100           0.000
99126                            175.800         -38.100           0.000
100126                           175.900         -38.100           0.000
101126                           176.000         -38.100           0.000
102126                           176.100         -38.100           0.000
103126                           176.200         -38.100           0.000
104126                           176.300         -38.100           0.000
105126                           176.400         -38.100           0.000
106126                           176.500         -38.100           0.000
107126                           176.600         -38.100           0.000
108126                           176.700         -38.100           0.000
109126                           176.800         -38.100           0.000
110126                           176.900         -38.100           0.000
111126                           177.000         -38.100           0.000
112126                           177.100         -38.100           0.000
113126                           177.200         -38.100           0.000
114126                           177.300         -38.100           0.000
115126                           177.400         -38.100           0.000
116126                           177.500         -38.100           0.000
117126                           177.600         -38.100           0.000
118126                           177.700         -38.100           0.000
119126                           177.800         -38.100           0.000
120126                           177.900         -38.100           0.000
121126                           178.000         -38.100           0.000
122126                           178.100         -38.100           0.000
123126                           178.200         -38.100           0.000
124126                           178.300         -38.100           0.000
125126                           178.400         -38.100           0.000
126126                           178.500         -38.100           0.000
127126                           178.600         -38.100           0.000
85127                            174.400         -38.025           0.000
86127                            174.500         -38.025           0.000
87127                            174.600         -38.025           0.000
88127                            174.700         -38.025           0.000
89127                            174.800         -38.025           0.000
90127                            174.900         -38.025           0.000
91127                            175.000         -38.025           0.000
92127                            175.100         -38.025           0.000
120124                           177.900         -38.250           0.000
121124                           178.000         -38.250           0.000
122124                           178.100         -38.250           0.000
123124                           178.200         -38.250           0.000
124124                           178.300         -38.250           0.000
125124                           178.400         -38.250           0.000
126124                           178.500         -38.250           0.000
86125                            174.500         -38.175           0.000
87125                            174.600         -38.175           0.000
88125                            174.700         -38.175           0.000
89125                            174.800         -38.175           0.000
90125                            174.900         -38.175           0.000
91125                            175.000         -38.175           0.000
92125                            175.100         -38.175           0.000
93125                            175.200         -38.175           0.000
94125                            175.300         -38.175           0.000
95125                            175.400         -38.175           0.000
96125                            175.500         -38.175           0.000
97125                            175.600         -38.175           0.000
98125                            175.700         -38.175           0.000
99125                            175.800         -38.175           0.000
100125                           175.900         -38.175           0.000
101125                           176.000         -38.175           0.000
102125                           176.100         -38.175           0.000
103125                           176.200         -38.175           0.000
104125                           176.300         -38.175           0.000
105125                           176.400         -38.175           0.000
106125                           176.500         -38.175           0.000
107125                           176.600         -38.175           0.000
108125                           176.700         -38.175           0.000
109125                           176.800         -38.175           0.000
110125                           176.900         -38.175           0.000
111125                           177.000         -38.175           0.000
112125                           177.100         -38.175           0.000
113125                           177.200         -38.175           0.000
114125                           177.300         -38.175           0.000
115125                           177.400         -38.175           0.000
116125                           177.500         -38.175           0.000
117125                           177.600         -38.175           0.000
118125                           177.700         -38.175           0.000
119125                           177.800         -38.175           0.000
120125                           177.900         -38.175           0.000
121125                           178.000         -38.175           0.000
122125                           178.100         -38.175           0.000
123125                           178.200         -38.175           0.000
124125                           178.300         -38.175           0.000
125125                           178.400         -38.175           0.000
126125                           178.500         -38.175           0.000
127125                           178.600         -38.175           0.000
85126                            174.400         -38.100           0.000
111123                           177.000         -38.325           0.000
112123                           177.100         -38.325           0.000
113123                           177.200         -38.325           0.000
114123                           177.300         -38.325           0.000
115123                           177.400         -38.325           0.000
116123                           177.500         -38.325           0.000
117123                           177.600         -38.325           0.000
118123                           177.700         -38.325           0.000
119123                           177.800         -38.325           0.000
120123                           177.900         -38.325           0.000
121123                           178.000         -38.325           0.000
122123                           178.100         -38.325           0.000
123123                           178.200         -38.325           0.000
124123                           178.300         -38.325           0.000
125123                           178.400         -38.325           0.000
126123                           178.500         -38.325           0.000
86124                            174.500         -38.250           0.000
87124                            174.600         -38.250           0.000
88124                            174.700         -38.250           0.000
89124                            174.800         -38.250           0.000
90124                            174.900         -38.250           0.000
91124                            175.000         -38.250           0.000
92124                            175.100         -38.250           0.000
93124                            175.200         -38.250           0.000
94124                            175.300         -38.250           0.000
95124                            175.400         -38.250           0.000
96124                            175.500         -38.250           0.000
97124                            175.600         -38.250           0.000
98124                            175.700         -38.250           0.000
99124                            175.800         -38.250           0.000
100124                           175.900         -38.250           0.000
101124                           176.000         -38.250           0.000
102124                           176.100         -38.250           0.000
103124                           176.200         -38.250           0.000
104124                           176.300         -38.250           0.000
105124                           176.400         -38.250           0.000
106124                           176.500         -38.250           0.000
107124                           176.600         -38.250           0.000
108124                           176.700         -38.250           0.000
109124                           176.800         -38.250           0.000
110124                           176.900         -38.250           0.000
111124                           177.000         -38.250           0.000
112124                           177.100         -38.250           0.000
113124                           177.200         -38.250           0.000
114124                           177.300         -38.250           0.000
115124                           177.400         -38.250           0.000
116124                           177.500         -38.250           0.000
117124                           177.600         -38.250           0.000
118124                           177.700         -38.250           0.000
119124                           177.800         -38.250           0.000
103122                           176.200         -38.400           0.000
104122                           176.300         -38.400           0.000
105122                           176.400         -38.400           0.000
106122                           176.500         -38.400           0.000
107122                           176.600         -38.400           0.000
108122                           176.700         -38.400           0.000
109122                           176.800         -38.400           0.000
110122                           176.900         -38.400           0.000
111122                           177.000         -38.400           0.000
112122                           177.100         -38.400           0.000
113122                           177.200         -38.400           0.000
114122                           177.300         -38.400           0.000
115122                           177.400         -38.400           0.000
116122                           177.500         -38.400           0.000
117122                           177.600         -38.400           0.000
118122                           177.700         -38.400           0.000
119122                           177.800         -38.400           0.000
120122                           177.900         -38.400           0.000
121122                           178.000         -38.400           0.000
122122                           178.100         -38.400           0.000
123122                           178.200         -38.400           0.000
124122                           178.300         -38.400           0.000
125122                           178.400         -38.400           0.000
126122                           178.500         -38.400           0.000
127122                           178.600         -38.400           0.000
86123                            174.500         -38.325           0.000
87123                            174.600         -38.325           0.000
88123                            174.700         -38.325           0.000
89123                            174.800         -38.325           0.000
90123                            174.900         -38.325           0.000
91123                            175.000         -38.325           0.000
92123                            175.100         -38.325           0.000
93123                            175.200         -38.325           0.000
94123                            175.300         -38.325           0.000
95123                            175.400         -38.325           0.000
96123                            175.500         -38.325           0.000
97123                            175.600         -38.325           0.000
98123                            175.700         -38.325           0.000
99123                            175.800         -38.325           0.000
100123                           175.900         -38.325           0.000
101123                           176.000         -38.325           0.000
102123                           176.100         -38.325           0.000
103123                           176.200         -38.325           0.000
104123                           176.300         -38.325           0.000
105123                           176.400         -38.325           0.000
106123                           176.500         -38.325           0.000
107123                           176.600         -38.325           0.000
108123                           176.700         -38.325           0.000
109123                           176.800         -38.325           0.000
110123                           176.900         -38.325           0.000
94121                            175.300         -38.475           0.000
95121                            175.400         -38.475           0.000
96121                            175.500         -38.475           0.000
97121                            175.600         -38.475           0.000
98121                            175.700         -38.475           0.000
99121                            175.800         -38.475           0.000
100121                           175.900         -38.475           0.000
101121                           176.000         -38.475           0.000
102121                           176.100         -38.475           0.000
103121                           176.200         -38.475           0.000
104121                           176.300         -38.475           0.000
105121                           176.400         -38.475           0.000
106121                           176.500         -38.475           0.000
107121                           176.600         -38.475           0.000
108121                           176.700         -38.475           0.000
109121                           176.800         -38.475           0.000
110121                           176.900         -38.475           0.000
111121                           177.000         -38.475           0.000
112121                           177.100         -38.475           0.000
113121                           177.200         -38.475           0.000
114121                           177.300         -38.475           0.000
115121                           177.400         -38.475           0.000
116121                           177.500         -38.475           0.000
117121                           177.600         -38.475           0.000
118121                           177.700         -38.475           0.000
119121                           177.800         -38.475           0.000
120121                           177.900         -38.475           0.000
121121                           178.000         -38.475           0.000
122121                           178.100         -38.475           0.000
123121                           178.200         -38.475           0.000
124121                           178.300         -38.475           0.000
125121                           178.400         -38.475           0.000
126121                           178.500         -38.475           0.000
86122                            174.500         -38.400           0.000
87122                            174.600         -38.400           0.000
88122                            174.700         -38.400           0.000
89122                            174.800         -38.400           0.000
90122                            174.900         -38.400           0.000
91122                            175.000         -38.400           0.000
92122                            175.100         -38.400           0.000
93122                            175.200         -38.400           0.000
94122                            175.300         -38.400           0.000
95122                            175.400         -38.400           0.000
96122                            175.500         -38.400           0.000
97122                            175.600         -38.400           0.000
98122                            175.700         -38.400           0.000
99122                            175.800         -38.400           0.000
100122                           175.900         -38.400           0.000
101122                           176.000         -38.400           0.000
102122                           176.100         -38.400           0.000
86120                            174.500         -38.550           0.000
87120                            174.600         -38.550           0.000
88120                            174.700         -38.550           0.000
89120                            174.800         -38.550           0.000
90120                            174.900         -38.550           0.000
91120                            175.000         -38.550           0.000
92120                            175.100         -38.550           0.000
93120                            175.200         -38.550           0.000
94120                            175.300         -38.550           0.000
95120                            175.400         -38.550           0.000
96120                            175.500         -38.550           0.000
97120                            175.600         -38.550           0.000
98120                            175.700         -38.550           0.000
99120                            175.800         -38.550           0.000
100120                           175.900         -38.550           0.000
101120                           176.000         -38.550           0.000
102120                           176.100         -38.550           0.000
103120                           176.200         -38.550           0.000
104120                           176.300         -38.550           0.000
105120                           176.400         -38.550           0.000
106120                           176.500         -38.550           0.000
107120                           176.600         -38.550           0.000
108120                           176.700         -38.550           0.000
109120                           176.800         -38.550           0.000
110120                           176.900         -38.550           0.000
111120                           177.000         -38.550           0.000
112120                           177.100         -38.550           0.000
113120                           177.200         -38.550           0.000
114120                           177.300         -38.550           0.000
115120                           177.400         -38.550           0.000
116120                           177.500         -38.550           0.000
117120                           177.600         -38.550           0.000
118120                           177.700         -38.550           0.000
119120                           177.800         -38.550           0.000
120120                           177.900         -38.550           0.000
121120                           178.000         -38.550           0.000
122120                           178.100         -38.550           0.000
123120                           178.200         -38.550           0.000
124120                           178.300         -38.550           0.000
125120                           178.400         -38.550           0.000
126120                           178.500         -38.550           0.000
85121                            174.400         -38.475           0.000
86121                            174.500         -38.475           0.000
87121                            174.600         -38.475           0.000
88121                            174.700         -38.475           0.000
89121                            174.800         -38.475           0.000
90121                            174.900         -38.475           0.000
91121                            175.000         -38.475           0.000
92121                            175.100         -38.475           0.000
93121                            175.200         -38.475           0.000
119118                           177.800         -38.700           0.000
120118                           177.900         -38.700           0.000
121118                           178.000         -38.700           0.000
122118                           178.100         -38.700           0.000
123118                           178.200         -38.700           0.000
124118                           178.300         -38.700           0.000
125118                           178.400         -38.700           0.000
85119                            174.400         -38.625           0.000
86119                            174.500         -38.625           0.000
87119                            174.600         -38.625           0.000
88119                            174.700         -38.625           0.000
89119                            174.800         -38.625           0.000
90119                            174.900         -38.625           0.000
91119                            175.000         -38.625           0.000
92119                            175.100         -38.625           0.000
93119                            175.200         -38.625           0.000
94119                            175.300         -38.625           0.000
95119                            175.400         -38.625           0.000
96119                            175.500         -38.625           0.000
97119                            175.600         -38.625           0.000
98119                            175.700         -38.625           0.000
99119                            175.800         -38.625           0.000
100119                           175.900         -38.625           0.000
101119                           176.000         -38.625           0.000
102119                           176.100         -38.625           0.000
103119                           176.200         -38.625           0.000
104119                           176.300         -38.625           0.000
105119                           176.400         -38.625           0.000
106119                           176.500         -38.625           0.000
107119                           176.600         -38.625           0.000
108119                           176.700         -38.625           0.000
109119                           176.800         -38.625           0.000
110119                           176.900         -38.625           0.000
111119                           177.000         -38.625           0.000
112119                           177.100         -38.625           0.000
113119                           177.200         -38.625           0.000
114119                           177.300         -38.625           0.000
115119                           177.400         -38.625           0.000
116119                           177.500         -38.625           0.000
117119                           177.600         -38.625           0.000
118119                           177.700         -38.625           0.000
119119                           177.800         -38.625           0.000
120119                           177.900         -38.625           0.000
121119                           178.000         -38.625           0.000
122119                           178.100         -38.625           0.000
123119                           178.200         -38.625           0.000
124119                           178.300         -38.625           0.000
125119                           178.400         -38.625           0.000
126119                           178.500         -38.625           0.000
85120                            174.400         -38.550           0.000
109117                           176.800         -38.775           0.000
110117                           176.900         -38.775           0.000
111117                           177.000         -38.775           0.000
112117                           177.100         -38.775           0.000
113117                           177.200         -38.775           0.000
114117                           177.300         -38.775           0.000
115117                           177.400         -38.775           0.000
116117                           177.500         -38.775           0.000
117117                           177.600         -38.775           0.000
118117                           177.700         -38.775           0.000
119117                           177.800         -38.775           0.000
120117                           177.900         -38.775           0.000
121117                           178.000         -38.775           0.000
122117                           178.100         -38.775           0.000
123117                           178.200         -38.775           0.000
124117                           178.300         -38.775           0.000
85118                            174.400         -38.700           0.000
86118                            174.500         -38.700           0.000
87118                            174.600         -38.700           0.000
88118                            174.700         -38.700           0.000
89118                            174.800         -38.700           0.000
90118                            174.900         -38.700           0.000
91118                            175.000         -38.700           0.000
92118                            175.100         -38.700           0.000
93118                            175.200         -38.700           0.000
94118                            175.300         -38.700           0.000
95118                            175.400         -38.700           0.000
96118                            175.500         -38.700           0.000
97118                            175.600         -38.700           0.000
98118                            175.700         -38.700           0.000
99118                            175.800         -38.700           0.000
100118                           175.900         -38.700           0.000
101118                           176.000         -38.700           0.000
102118                           176.100         -38.700           0.000
103118                           176.200         -38.700           0.000
104118                           176.300         -38.700           0.000
105118                           176.400         -38.700           0.000
106118                           176.500         -38.700           0.000
107118                           176.600         -38.700           0.000
108118                           176.700         -38.700           0.000
109118                           176.800         -38.700           0.000
110118                           176.900         -38.700           0.000
111118                           177.000         -38.700           0.000
112118                           177.100         -38.700           0.000
113118                           177.200         -38.700           0.000
114118                           177.300         -38.700           0.000
115118                           177.400         -38.700           0.000
116118                           177.500         -38.700           0.000
117118                           177.600         -38.700           0.000
118118                           177.700         -38.700           0.000
99116                            175.800         -38.850           0.000
100116                           175.900         -38.850           0.000
101116                           176.000         -38.850           0.000
102116                           176.100         -38.850           0.000
103116                           176.200         -38.850           0.000
104116                           176.300         -38.850           0.000
105116                           176.400         -38.850           0.000
106116                           176.500         -38.850           0.000
107116                           176.600         -38.850           0.000
108116                           176.700         -38.850           0.000
109116                           176.800         -38.850           0.000
110116                           176.900         -38.850           0.000
111116                           177.000         -38.850           0.000
112116                           177.100         -38.850           0.000
113116                           177.200         -38.850           0.000
114116                           177.300         -38.850           0.000
115116                           177.400         -38.850           0.000
116116                           177.500         -38.850           0.000
117116                           177.600         -38.850           0.000
118116                           177.700         -38.850           0.000
119116                           177.800         -38.850           0.000
120116                           177.900         -38.850           0.000
121116                           178.000         -38.850           0.000
122116                           178.100         -38.850           0.000
123116                           178.200         -38.850           0.000
84117                            174.300         -38.775           0.000
85117                            174.400         -38.775           0.000
86117                            174.500         -38.775           0.000
87117                            174.600         -38.775           0.000
88117                            174.700         -38.775           0.000
89117                            174.800         -38.775           0.000
90117                            174.900         -38.775           0.000
91117                            175.000         -38.775           0.000
92117                            175.100         -38.775           0.000
93117                            175.200         -38.775           0.000
94117                            175.300         -38.775           0.000
95117                            175.400         -38.775           0.000
96117                            175.500         -38.775           0.000
97117                            175.600         -38.775           0.000
98117                            175.700         -38.775           0.000
99117                            175.800         -38.775           0.000
100117                           175.900         -38.775           0.000
101117                           176.000         -38.775           0.000
102117                           176.100         -38.775           0.000
103117                           176.200         -38.775           0.000
104117                           176.300         -38.775           0.000
105117                           176.400         -38.775           0.000
106117                           176.500         -38.775           0.000
107117                           176.600         -38.775           0.000
108117                           176.700         -38.775           0.000
90115                            174.900         -38.925           0.000
91115                            175.000         -38.925           0.000
92115                            175.100         -38.925           0.000
93115                            175.200         -38.925           0.000
94115                            175.300         -38.925           0.000
95115                            175.400         -38.925           0.000
96115                            175.500         -38.925           0.000
97115                            175.600         -38.925           0.000
98115                            175.700         -38.925           0.000
99115                            175.800         -38.925           0.000
100115                           175.900         -38.925           0.000
101115                           176.000         -38.925           0.000
102115                           176.100         -38.925           0.000
103115                           176.200         -38.925           0.000
104115                           176.300         -38.925           0.000
105115                           176.400         -38.925           0.000
106115                           176.500         -38.925           0.000
107115                           176.600         -38.925           0.000
108115                           176.700         -38.925           0.000
109115                           176.800         -38.925           0.000
110115                           176.900         -38.925           0.000
111115                           177.000         -38.925           0.000
112115                           177.100         -38.925           0.000
113115                           177.200         -38.925           0.000
114115                           177.300         -38.925           0.000
115115                           177.400         -38.925           0.000
116115                           177.500         -38.925           0.000
117115                           177.600         -38.925           0.000
118115                           177.700         -38.925           0.000
119115                           177.800         -38.925           0.000
120115                           177.900         -38.925           0.000
121115                           178.000         -38.925           0.000
122115                           178.100         -38.925           0.000
82116                            174.100         -38.850           0.000
83116                            174.200         -38.850           0.000
84116                            174.300         -38.850           0.000
85116                            174.400         -38.850           0.000
86116                            174.500         -38.850           0.000
87116                            174.600         -38.850           0.000
88116                            174.700         -38.850           0.000
89116                            174.800         -38.850           0.000
90116                            174.900         -38.850           0.000
91116                            175.000         -38.850           0.000
92116                            175.100         -38.850           0.000
93116                            175.200         -38.850           0.000
94116                            175.300         -38.850           0.000
95116                            175.400         -38.850           0.000
96116                            175.500         -38.850           0.000
97116                            175.600         -38.850           0.000
98116                            175.700         -38.850           0.000
84114                            174.300         -39.000           0.000
85114                            174.400         -39.000           0.000
86114                            174.500         -39.000           0.000
87114                            174.600         -39.000           0.000
88114                            174.700         -39.000           0.000
89114                            174.800         -39.000           0.000
90114                            174.900         -39.000           0.000
91114                            175.000         -39.000           0.000
92114                            175.100         -39.000           0.000
93114                            175.200         -39.000           0.000
94114                            175.300         -39.000           0.000
95114                            175.400         -39.000           0.000
96114                            175.500         -39.000           0.000
97114                            175.600         -39.000           0.000
98114                            175.700         -39.000           0.000
99114                            175.800         -39.000           0.000
100114                           175.900         -39.000           0.000
101114                           176.000         -39.000           0.000
102114                           176.100         -39.000           0.000
103114                           176.200         -39.000           0.000
104114                           176.300         -39.000           0.000
105114                           176.400         -39.000           0.000
106114                           176.500         -39.000           0.000
107114                           176.600         -39.000           0.000
108114                           176.700         -39.000           0.000
109114                           176.800         -39.000           0.000
110114                           176.900         -39.000           0.000
111114                           177.000         -39.000           0.000
112114                           177.100         -39.000           0.000
113114                           177.200         -39.000           0.000
114114                           177.300         -39.000           0.000
115114                           177.400         -39.000           0.000
116114                           177.500         -39.000           0.000
117114                           177.600         -39.000           0.000
118114                           177.700         -39.000           0.000
119114                           177.800         -39.000           0.000
120114                           177.900         -39.000           0.000
121114                           178.000         -39.000           0.000
122114                           178.100         -39.000           0.000
123114                           178.200         -39.000           0.000
80115                            173.900         -38.925           0.000
81115                            174.000         -38.925           0.000
82115                            174.100         -38.925           0.000
83115                            174.200         -38.925           0.000
84115                            174.300         -38.925           0.000
85115                            174.400         -38.925           0.000
86115                            174.500         -38.925           0.000
87115                            174.600         -38.925           0.000
88115                            174.700         -38.925           0.000
89115                            174.800         -38.925           0.000
79113                            173.800         -39.075           0.000
80113                            173.900         -39.075           0.000
81113                            174.000         -39.075           0.000
82113                            174.100         -39.075           0.000
83113                            174.200         -39.075           0.000
84113                            174.300         -39.075           0.000
85113                            174.400         -39.075           0.000
86113                            174.500         -39.075           0.000
87113                            174.600         -39.075           0.000
88113                            174.700         -39.075           0.000
89113                            174.800         -39.075           0.000
90113                            174.900         -39.075           0.000
91113                            175.000         -39.075           0.000
92113                            175.100         -39.075           0.000
93113                            175.200         -39.075           0.000
94113                            175.300         -39.075           0.000
95113                            175.400         -39.075           0.000
96113                            175.500         -39.075           0.000
97113                            175.600         -39.075           0.000
98113                            175.700         -39.075           0.000
99113                            175.800         -39.075           0.000
100113                           175.900         -39.075           0.000
101113                           176.000         -39.075           0.000
102113                           176.100         -39.075           0.000
103113                           176.200         -39.075           0.000
104113                           176.300         -39.075           0.000
105113                           176.400         -39.075           0.000
106113                           176.500         -39.075           0.000
107113                           176.600         -39.075           0.000
108113                           176.700         -39.075           0.000
109113                           176.800         -39.075           0.000
110113                           176.900         -39.075           0.000
111113                           177.000         -39.075           0.000
112113                           177.100         -39.075           0.000
113113                           177.200         -39.075           0.000
114113                           177.300         -39.075           0.000
115113                           177.400         -39.075           0.000
116113                           177.500         -39.075           0.000
117113                           177.600         -39.075           0.000
118113                           177.700         -39.075           0.000
119113                           177.800         -39.075           0.000
120113                           177.900         -39.075           0.000
121113                           178.000         -39.075           0.000
122113                           178.100         -39.075           0.000
123113                           178.200         -39.075           0.000
79114                            173.800         -39.000           0.000
80114                            173.900         -39.000           0.000
81114                            174.000         -39.000           0.000
82114                            174.100         -39.000           0.000
83114                            174.200         -39.000           0.000
122111                           178.100         -39.225           0.000
77112                            173.600         -39.150           0.000
78112                            173.700         -39.150           0.000
79112                            173.800         -39.150           0.000
80112                            173.900         -39.150           0.000
81112                            174.000         -39.150           0.000
82112                            174.100         -39.150           0.000
83112                            174.200         -39.150           0.000
84112                            174.300         -39.150           0.000
85112                            174.400         -39.150           0.000
86112                            174.500         -39.150           0.000
87112                            174.600         -39.150           0.000
88112                            174.700         -39.150           0.000
89112                            174.800         -39.150           0.000
90112                            174.900         -39.150           0.000
91112                            175.000         -39.150           0.000
92112                            175.100         -39.150           0.000
93112                            175.200         -39.150           0.000
94112                            175.300         -39.150           0.000
95112                            175.400         -39.150           0.000
96112                            175.500         -39.150           0.000
97112                            175.600         -39.150           0.000
98112                            175.700         -39.150           0.000
99112                            175.800         -39.150           0.000
100112                           175.900         -39.150           0.000
101112                           176.000         -39.150           0.000
102112                           176.100         -39.150           0.000
103112                           176.200         -39.150           0.000
104112                           176.300         -39.150           0.000
105112                           176.400         -39.150           0.000
106112                           176.500         -39.150           0.000
107112                           176.600         -39.150           0.000
108112                           176.700         -39.150           0.000
109112                           176.800         -39.150           0.000
110112                           176.900         -39.150           0.000
111112                           177.000         -39.150           0.000
112112                           177.100         -39.150           0.000
113112                           177.200         -39.150           0.000
114112                           177.300         -39.150           0.000
115112                           177.400         -39.150           0.000
116112                           177.500         -39.150           0.000
117112                           177.600         -39.150           0.000
118112                           177.700         -39.150           0.000
119112                           177.800         -39.150           0.000
120112                           177.900         -39.150           0.000
121112                           178.000         -39.150           0.000
122112                           178.100         -39.150           0.000
123112                           178.200         -39.150           0.000
77113                            173.600         -39.075           0.000
78113                            173.700         -39.075           0.000
118110                           177.700         -39.300           0.000
119110                           177.800         -39.300           0.000
120110                           177.900         -39.300           0.000
121110                           178.000         -39.300           0.000
122110                           178.100         -39.300           0.000
77111                            173.600         -39.225           0.000
78111                            173.700         -39.225           0.000
79111                            173.800         -39.225           0.000
80111                            173.900         -39.225           0.000
81111                            174.000         -39.225           0.000
82111                            174.100         -39.225           0.000
83111                            174.200         -39.225           0.000
84111                            174.300         -39.225           0.000
85111                            174.400         -39.225           0.000
86111                            174.500         -39.225           0.000
87111                            174.600         -39.225           0.000
88111                            174.700         -39.225           0.000
89111                            174.800         -39.225           0.000
90111                            174.900         -39.225           0.000
91111                            175.000         -39.225           0.000
92111                            175.100         -39.225           0.000
93111                            175.200         -39.225           0.000
94111                            175.300         -39.225           0.000
95111                            175.400         -39.225           0.000
96111                            175.500         -39.225           0.000
97111                            175.600         -39.225           0.000
98111                            175.700         -39.225           0.000
99111                            175.800         -39.225           0.000
100111                           175.900         -39.225           0.000
101111                           176.000         -39.225           0.000
102111                           176.100         -39.225           0.000
103111                           176.200         -39.225           0.000
104111                           176.300         -39.225           0.000
105111                           176.400         -39.225           0.000
106111                           176.500         -39.225           0.000
107111                           176.600         -39.225           0.000
108111                           176.700         -39.225           0.000
109111                           176.800         -39.225           0.000
110111                           176.900         -39.225           0.000
111111                           177.000         -39.225           0.000
112111                           177.100         -39.225           0.000
113111                           177.200         -39.225           0.000
114111                           177.300         -39.225           0.000
115111                           177.400         -39.225           0.000
116111                           177.500         -39.225           0.000
117111                           177.600         -39.225           0.000
118111                           177.700         -39.225           0.000
119111                           177.800         -39.225           0.000
120111                           177.900         -39.225           0.000
121111                           178.000         -39.225           0.000
107109                           176.600         -39.375           0.000
108109                           176.700         -39.375           0.000
109109                           176.800         -39.375           0.000
110109                           176.900         -39.375           0.000
111109                           177.000         -39.375           0.000
112109                           177.100         -39.375           0.000
113109                           177.200         -39.375           0.000
118109                           177.700         -39.375           0.000
119109                           177.800         -39.375           0.000
120109                           177.900         -39.375           0.000
121109                           178.000         -39.375           0.000
122109                           178.100         -39.375           0.000
77110                            173.600         -39.300           0.000
78110                            173.700         -39.300           0.000
79110                            173.800         -39.300           0.000
80110                            173.900         -39.300           0.000
81110                            174.000         -39.300           0.000
82110                            174.100         -39.300           0.000
83110                            174.200         -39.300           0.000
84110                            174.300         -39.300           0.000
85110                            174.400         -39.300           0.000
86110                            174.500         -39.300           0.000
87110                            174.600         -39.300           0.000
88110                            174.700         -39.300           0.000
89110                            174.800         -39.300           0.000
90110                            174.900         -39.300           0.000
91110                            175.000         -39.300           0.000
92110                            175.100         -39.300           0.000
93110                            175.200         -39.300           0.000
94110                            175.300         -39.300           0.000
95110                            175.400         -39.300           0.000
96110                            175.500         -39.300           0.000
97110                            175.600         -39.300           0.000
98110                            175.700         -39.300           0.000
99110                            175.800         -39.300           0.000
100110                           175.900         -39.300           0.000
101110                           176.000         -39.300           0.000
102110                           176.100         -39.300           0.000
103110                           176.200         -39.300           0.000
104110                           176.300         -39.300           0.000
105110                           176.400         -39.300           0.000
106110                           176.500         -39.300           0.000
107110                           176.600         -39.300           0.000
108110                           176.700         -39.300           0.000
109110                           176.800         -39.300           0.000
110110                           176.900         -39.300           0.000
111110                           177.000         -39.300           0.000
112110                           177.100         -39.300           0.000
113110                           177.200         -39.300           0.000
114110                           177.300         -39.300           0.000
98108                            175.700         -39.450           0.000
99108                            175.800         -39.450           0.000
100108                           175.900         -39.450           0.000
101108                           176.000         -39.450           0.000
102108                           176.100         -39.450           0.000
103108                           176.200         -39.450           0.000
104108                           176.300         -39.450           0.000
105108                           176.400         -39.450           0.000
106108                           176.500         -39.450           0.000
107108                           176.600         -39.450           0.000
108108                           176.700         -39.450           0.000
109108                           176.800         -39.450           0.000
110108                           176.900         -39.450           0.000
111108                           177.000         -39.450           0.000
112108                           177.100         -39.450           0.000
113108                           177.200         -39.450           0.000
118108                           177.700         -39.450           0.000
119108                           177.800         -39.450           0.000
120108                           177.900         -39.450           0.000
121108                           178.000         -39.450           0.000
77109                            173.600         -39.375           0.000
78109                            173.700         -39.375           0.000
79109                            173.800         -39.375           0.000
80109                            173.900         -39.375           0.000
81109                            174.000         -39.375           0.000
82109                            174.100         -39.375           0.000
83109                            174.200         -39.375           0.000
84109                            174.300         -39.375           0.000
85109                            174.400         -39.375           0.000
86109                            174.500         -39.375           0.000
87109                            174.600         -39.375           0.000
88109                            174.700         -39.375           0.000
89109                            174.800         -39.375           0.000
90109                            174.900         -39.375           0.000
91109                            175.000         -39.375           0.000
92109                            175.100         -39.375           0.000
93109                            175.200         -39.375           0.000
94109                            175.300         -39.375           0.000
95109                            175.400         -39.375           0.000
96109                            175.500         -39.375           0.000
97109                            175.600         -39.375           0.000
98109                            175.700         -39.375           0.000
99109                            175.800         -39.375           0.000
100109                           175.900         -39.375           0.000
101109                           176.000         -39.375           0.000
102109                           176.100         -39.375           0.000
103109                           176.200         -39.375           0.000
104109                           176.300         -39.375           0.000
105109                           176.400         -39.375           0.000
106109                           176.500         -39.375           0.000
85107                            174.400         -39.525           0.000
86107                            174.500         -39.525           0.000
87107                            174.600         -39.525           0.000
88107                            174.700         -39.525           0.000
89107                            174.800         -39.525           0.000
90107                            174.900         -39.525           0.000
91107                            175.000         -39.525           0.000
92107                            175.100         -39.525           0.000
93107                            175.200         -39.525           0.000
94107                            175.300         -39.525           0.000
95107                            175.400         -39.525           0.000
96107                            175.500         -39.525           0.000
97107                            175.600         -39.525           0.000
98107                            175.700         -39.525           0.000
99107                            175.800         -39.525           0.000
100107                           175.900         -39.525           0.000
101107                           176.000         -39.525           0.000
102107                           176.100         -39.525           0.000
103107                           176.200         -39.525           0.000
104107                           176.300         -39.525           0.000
105107                           176.400         -39.525           0.000
106107                           176.500         -39.525           0.000
107107                           176.600         -39.525           0.000
108107                           176.700         -39.525           0.000
109107                           176.800         -39.525           0.000
110107                           176.900         -39.525           0.000
111107                           177.000         -39.525           0.000
112107                           177.100         -39.525           0.000
113107                           177.200         -39.525           0.000
77108                            173.600         -39.450           0.000
78108                            173.700         -39.450           0.000
79108                            173.800         -39.450           0.000
80108                            173.900         -39.450           0.000
81108                            174.000         -39.450           0.000
82108                            174.100         -39.450           0.000
83108                            174.200         -39.450           0.000
84108                            174.300         -39.450           0.000
85108                            174.400         -39.450           0.000
86108                            174.500         -39.450           0.000
87108                            174.600         -39.450           0.000
88108                            174.700         -39.450           0.000
89108                            174.800         -39.450           0.000
90108                            174.900         -39.450           0.000
91108                            175.000         -39.450           0.000
92108                            175.100         -39.450           0.000
93108                            175.200         -39.450           0.000
94108                            175.300         -39.450           0.000
95108                            175.400         -39.450           0.000
96108                            175.500         -39.450           0.000
97108                            175.600         -39.450           0.000
109105                           176.800         -39.675           0.000
110105                           176.900         -39.675           0.000
111105                           177.000         -39.675           0.000
112105                           177.100         -39.675           0.000
113105                           177.200         -39.675           0.000
114105                           177.300         -39.675           0.000
78106                            173.700         -39.600           0.000
79106                            173.800         -39.600           0.000
80106                            173.900         -39.600           0.000
81106                            174.000         -39.600           0.000
82106                            174.100         -39.600           0.000
83106                            174.200         -39.600           0.000
84106                            174.300         -39.600           0.000
85106                            174.400         -39.600           0.000
86106                            174.500         -39.600           0.000
87106                            174.600         -39.600           0.000
88106                            174.700         -39.600           0.000
89106                            174.800         -39.600           0.000
90106                            174.900         -39.600           0.000
91106                            175.000         -39.600           0.000
92106                            175.100         -39.600           0.000
93106                            175.200         -39.600           0.000
94106                            175.300         -39.600           0.000
95106                            175.400         -39.600           0.000
96106                            175.500         -39.600           0.000
97106                            175.600         -39.600           0.000
98106                            175.700         -39.600           0.000
99106                            175.800         -39.600           0.000
100106                           175.900         -39.600           0.000
101106                           176.000         -39.600           0.000
102106                           176.100         -39.600           0.000
103106                           176.200         -39.600           0.000
104106                           176.300         -39.600           0.000
105106                           176.400         -39.600           0.000
106106                           176.500         -39.600           0.000
107106                           176.600         -39.600           0.000
108106                           176.700         -39.600           0.000
109106                           176.800         -39.600           0.000
110106                           176.900         -39.600           0.000
111106                           177.000         -39.600           0.000
112106                           177.100         -39.600           0.000
113106                           177.200         -39.600           0.000
114106                           177.300         -39.600           0.000
78107                            173.700         -39.525           0.000
79107                            173.800         -39.525           0.000
80107                            173.900         -39.525           0.000
81107                            174.000         -39.525           0.000
82107                            174.100         -39.525           0.000
83107                            174.200         -39.525           0.000
84107                            174.300         -39.525           0.000
95104                            175.400         -39.750           0.000
96104                            175.500         -39.750           0.000
97104                            175.600         -39.750           0.000
98104                            175.700         -39.750           0.000
99104                            175.800         -39.750           0.000
100104                           175.900         -39.750           0.000
101104                           176.000         -39.750           0.000
102104                           176.100         -39.750           0.000
103104                           176.200         -39.750           0.000
104104                           176.300         -39.750           0.000
105104                           176.400         -39.750           0.000
106104                           176.500         -39.750           0.000
107104                           176.600         -39.750           0.000
108104                           176.700         -39.750           0.000
109104                           176.800         -39.750           0.000
110104                           176.900         -39.750           0.000
111104                           177.000         -39.750           0.000
112104                           177.100         -39.750           0.000
113104                           177.200         -39.750           0.000
114104                           177.300         -39.750           0.000
79105                            173.800         -39.675           0.000
80105                            173.900         -39.675           0.000
81105                            174.000         -39.675           0.000
82105                            174.100         -39.675           0.000
83105                            174.200         -39.675           0.000
84105                            174.300         -39.675           0.000
85105                            174.400         -39.675           0.000
86105                            174.500         -39.675           0.000
87105                            174.600         -39.675           0.000
88105                            174.700         -39.675           0.000
89105                            174.800         -39.675           0.000
90105                            174.900         -39.675           0.000
91105                            175.000         -39.675           0.000
92105                            175.100         -39.675           0.000
93105                            175.200         -39.675           0.000
94105                            175.300         -39.675           0.000
95105                            175.400         -39.675           0.000
96105                            175.500         -39.675           0.000
97105                            175.600         -39.675           0.000
98105                            175.700         -39.675           0.000
99105                            175.800         -39.675           0.000
100105                           175.900         -39.675           0.000
101105                           176.000         -39.675           0.000
102105                           176.100         -39.675           0.000
103105                           176.200         -39.675           0.000
104105                           176.300         -39.675           0.000
105105                           176.400         -39.675           0.000
106105                           176.500         -39.675           0.000
107105                           176.600         -39.675           0.000
108105                           176.700         -39.675           0.000
109102                           176.800         -39.900           0.000
110102                           176.900         -39.900           0.000
111102                           177.000         -39.900           0.000
112102                           177.100         -39.900           0.000
113102                           177.200         -39.900           0.000
83103                            174.200         -39.825           0.000
84103                            174.300         -39.825           0.000
85103                            174.400         -39.825           0.000
86103                            174.500         -39.825           0.000
87103                            174.600         -39.825           0.000
88103                            174.700         -39.825           0.000
89103                            174.800         -39.825           0.000
90103                            174.900         -39.825           0.000
91103                            175.000         -39.825           0.000
92103                            175.100         -39.825           0.000
93103                            175.200         -39.825           0.000
94103                            175.300         -39.825           0.000
95103                            175.400         -39.825           0.000
96103                            175.500         -39.825           0.000
97103                            175.600         -39.825           0.000
98103                            175.700         -39.825           0.000
99103                            175.800         -39.825           0.000
100103                           175.900         -39.825           0.000
101103                           176.000         -39.825           0.000
102103                           176.100         -39.825           0.000
103103                           176.200         -39.825           0.000
104103                           176.300         -39.825           0.000
105103                           176.400         -39.825           0.000
106103                           176.500         -39.825           0.000
107103                           176.600         -39.825           0.000
108103                           176.700         -39.825           0.000
109103                           176.800         -39.825           0.000
110103                           176.900         -39.825           0.000
111103                           177.000         -39.825           0.000
112103                           177.100         -39.825           0.000
113103                           177.200         -39.825           0.000
81104                            174.000         -39.750           0.000
82104                            174.100         -39.750           0.000
83104                            174.200         -39.750           0.000
84104                            174.300         -39.750           0.000
85104                            174.400         -39.750           0.000
86104                            174.500         -39.750           0.000
87104                            174.600         -39.750           0.000
88104                            174.700         -39.750           0.000
89104                            174.800         -39.750           0.000
90104                            174.900         -39.750           0.000
91104                            175.000         -39.750           0.000
92104                            175.100         -39.750           0.000
93104                            175.200         -39.750           0.000
94104                            175.300         -39.750           0.000
87101                            174.600         -39.975           0.000
88101                            174.700         -39.975           0.000
89101                            174.800         -39.975           0.000
90101                            174.900         -39.975           0.000
91101                            175.000         -39.975           0.000
92101                            175.100         -39.975           0.000
93101                            175.200         -39.975           0.000
94101                            175.300         -39.975           0.000
95101                            175.400         -39.975           0.000
96101                            175.500         -39.975           0.000
97101                            175.600         -39.975           0.000
98101                            175.700         -39.975           0.000
99101                            175.800         -39.975           0.000
100101                           175.900         -39.975           0.000
101101                           176.000         -39.975           0.000
102101                           176.100         -39.975           0.000
103101                           176.200         -39.975           0.000
104101                           176.300         -39.975           0.000
105101                           176.400         -39.975           0.000
106101                           176.500         -39.975           0.000
107101                           176.600         -39.975           0.000
108101                           176.700         -39.975           0.000
109101                           176.800         -39.975           0.000
110101                           176.900         -39.975           0.000
111101                           177.000         -39.975           0.000
112101                           177.100         -39.975           0.000
85102                            174.400         -39.900           0.000
86102                            174.500         -39.900           0.000
87102                            174.600         -39.900           0.000
88102                            174.700         -39.900           0.000
89102                            174.800         -39.900           0.000
90102                            174.900         -39.900           0.000
91102                            175.000         -39.900           0.000
92102                            175.100         -39.900           0.000
93102                            175.200         -39.900           0.000
94102                            175.300         -39.900           0.000
95102                            175.400         -39.900           0.000
96102                            175.500         -39.900           0.000
97102                            175.600         -39.900           0.000
98102                            175.700         -39.900           0.000
99102                            175.800         -39.900           0.000
100102                           175.900         -39.900           0.000
101102                           176.000         -39.900           0.000
102102                           176.100         -39.900           0.000
103102                           176.200         -39.900           0.000
104102                           176.300         -39.900           0.000
105102                           176.400         -39.900           0.000
106102                           176.500         -39.900           0.000
107102                           176.600         -39.900           0.000
108102                           176.700         -39.900           0.000
109098                           176.800         -40.200           0.000
110098                           176.900         -40.200           0.000
111098                           177.000         -40.200           0.000
90099                            174.900         -40.125           0.000
91099                            175.000         -40.125           0.000
92099                            175.100         -40.125           0.000
93099                            175.200         -40.125           0.000
94099                            175.300         -40.125           0.000
95099                            175.400         -40.125           0.000
96099                            175.500         -40.125           0.000
97099                            175.600         -40.125           0.000
98099                            175.700         -40.125           0.000
99099                            175.800         -40.125           0.000
100099                           175.900         -40.125           0.000
101099                           176.000         -40.125           0.000
102099                           176.100         -40.125           0.000
103099                           176.200         -40.125           0.000
104099                           176.300         -40.125           0.000
105099                           176.400         -40.125           0.000
106099                           176.500         -40.125           0.000
107099                           176.600         -40.125           0.000
108099                           176.700         -40.125           0.000
109099                           176.800         -40.125           0.000
110099                           176.900         -40.125           0.000
111099                           177.000         -40.125           0.000
112099                           177.100         -40.125           0.000
89100                            174.800         -40.050           0.000
90100                            174.900         -40.050           0.000
91100                            175.000         -40.050           0.000
92100                            175.100         -40.050           0.000
93100                            175.200         -40.050           0.000
94100                            175.300         -40.050           0.000
95100                            175.400         -40.050           0.000
96100                            175.500         -40.050           0.000
97100                            175.600         -40.050           0.000
98100                            175.700         -40.050           0.000
99100                            175.800         -40.050           0.000
100100                           175.900         -40.050           0.000
101100                           176.000         -40.050           0.000
102100                           176.100         -40.050           0.000
103100                           176.200         -40.050           0.000
104100                           176.300         -40.050           0.000
105100                           176.400         -40.050           0.000
106100                           176.500         -40.050           0.000
107100                           176.600         -40.050           0.000
108100                           176.700         -40.050           0.000
109100                           176.800         -40.050           0.000
110100                           176.900         -40.050           0.000
111100                           177.000         -40.050           0.000
112100                           177.100         -40.050           0.000
100096                           175.900         -40.350           0.000
101096                           176.000         -40.350           0.000
102096                           176.100         -40.350           0.000
103096                           176.200         -40.350           0.000
104096                           176.300         -40.350           0.000
105096                           176.400         -40.350           0.000
106096                           176.500         -40.350           0.000
107096                           176.600         -40.350           0.000
108096                           176.700         -40.350           0.000
109096                           176.800         -40.350           0.000
110096                           176.900         -40.350           0.000
91097                            175.000         -40.275           0.000
92097                            175.100         -40.275           0.000
93097                            175.200         -40.275           0.000
94097                            175.300         -40.275           0.000
95097                            175.400         -40.275           0.000
96097                            175.500         -40.275           0.000
97097                            175.600         -40.275           0.000
98097                            175.700         -40.275           0.000
99097                            175.800         -40.275           0.000
100097                           175.900         -40.275           0.000
101097                           176.000         -40.275           0.000
102097                           176.100         -40.275           0.000
103097                           176.200         -40.275           0.000
104097                           176.300         -40.275           0.000
105097                           176.400         -40.275           0.000
106097                           176.500         -40.275           0.000
107097                           176.600         -40.275           0.000
108097                           176.700         -40.275           0.000
109097                           176.800         -40.275           0.000
110097                           176.900         -40.275           0.000
111097                           177.000         -40.275           0.000
91098                            175.000         -40.200           0.000
92098                            175.100         -40.200           0.000
93098                            175.200         -40.200           0.000
94098                            175.300         -40.200           0.000
95098                            175.400         -40.200           0.000
96098                            175.500         -40.200           0.000
97098                            175.600         -40.200           0.000
98098                            175.700         -40.200           0.000
99098                            175.800         -40.200           0.000
100098                           175.900         -40.200           0.000
101098                           176.000         -40.200           0.000
102098                           176.100         -40.200           0.000
103098                           176.200         -40.200           0.000
104098                           176.300         -40.200           0.000
105098                           176.400         -40.200           0.000
106098                           176.500         -40.200           0.000
107098                           176.600         -40.200           0.000
108098                           176.700         -40.200           0.000
104094                           176.300         -40.500           0.000
105094                           176.400         -40.500           0.000
106094                           176.500         -40.500           0.000
107094                           176.600         -40.500           0.000
108094                           176.700         -40.500           0.000
109094                           176.800         -40.500           0.000
65095                            172.400         -40.425           0.000
66095                            172.500         -40.425           0.000
67095                            172.600         -40.425           0.000
68095                            172.700         -40.425           0.000
69095                            172.800         -40.425           0.000
70095                            172.900         -40.425           0.000
71095                            173.000         -40.425           0.000
72095                            173.100         -40.425           0.000
73095                            173.200         -40.425           0.000
91095                            175.000         -40.425           0.000
92095                            175.100         -40.425           0.000
93095                            175.200         -40.425           0.000
94095                            175.300         -40.425           0.000
95095                            175.400         -40.425           0.000
96095                            175.500         -40.425           0.000
97095                            175.600         -40.425           0.000
98095                            175.700         -40.425           0.000
99095                            175.800         -40.425           0.000
100095                           175.900         -40.425           0.000
101095                           176.000         -40.425           0.000
102095                           176.100         -40.425           0.000
103095                           176.200         -40.425           0.000
104095                           176.300         -40.425           0.000
105095                           176.400         -40.425           0.000
106095                           176.500         -40.425           0.000
107095                           176.600         -40.425           0.000
108095                           176.700         -40.425           0.000
109095                           176.800         -40.425           0.000
110095                           176.900         -40.425           0.000
66096                            172.500         -40.350           0.000
67096                            172.600         -40.350           0.000
68096                            172.700         -40.350           0.000
69096                            172.800         -40.350           0.000
70096                            172.900         -40.350           0.000
71096                            173.000         -40.350           0.000
91096                            175.000         -40.350           0.000
92096                            175.100         -40.350           0.000
93096                            175.200         -40.350           0.000
94096                            175.300         -40.350           0.000
95096                            175.400         -40.350           0.000
96096                            175.500         -40.350           0.000
97096                            175.600         -40.350           0.000
98096                            175.700         -40.350           0.000
99096                            175.800         -40.350           0.000
81093                            174.000         -40.575           0.000
82093                            174.100         -40.575           0.000
83093                            174.200         -40.575           0.000
90093                            174.900         -40.575           0.000
91093                            175.000         -40.575           0.000
92093                            175.100         -40.575           0.000
93093                            175.200         -40.575           0.000
94093                            175.300         -40.575           0.000
95093                            175.400         -40.575           0.000
96093                            175.500         -40.575           0.000
97093                            175.600         -40.575           0.000
98093                            175.700         -40.575           0.000
99093                            175.800         -40.575           0.000
100093                           175.900         -40.575           0.000
101093                           176.000         -40.575           0.000
102093                           176.100         -40.575           0.000
103093                           176.200         -40.575           0.000
104093                           176.300         -40.575           0.000
105093                           176.400         -40.575           0.000
106093                           176.500         -40.575           0.000
107093                           176.600         -40.575           0.000
108093                           176.700         -40.575           0.000
109093                           176.800         -40.575           0.000
64094                            172.300         -40.500           0.000
65094                            172.400         -40.500           0.000
66094                            172.500         -40.500           0.000
67094                            172.600         -40.500           0.000
68094                            172.700         -40.500           0.000
69094                            172.800         -40.500           0.000
70094                            172.900         -40.500           0.000
71094                            173.000         -40.500           0.000
72094                            173.100         -40.500           0.000
73094                            173.200         -40.500           0.000
80094                            173.900         -40.500           0.000
81094                            174.000         -40.500           0.000
82094                            174.100         -40.500           0.000
90094                            174.900         -40.500           0.000
91094                            175.000         -40.500           0.000
92094                            175.100         -40.500           0.000
93094                            175.200         -40.500           0.000
94094                            175.300         -40.500           0.000
95094                            175.400         -40.500           0.000
96094                            175.500         -40.500           0.000
97094                            175.600         -40.500           0.000
98094                            175.700         -40.500           0.000
99094                            175.800         -40.500           0.000
100094                           175.900         -40.500           0.000
101094                           176.000         -40.500           0.000
102094                           176.100         -40.500           0.000
103094                           176.200         -40.500           0.000
62092                            172.100         -40.650           0.000
63092                            172.200         -40.650           0.000
64092                            172.300         -40.650           0.000
65092                            172.400         -40.650           0.000
66092                            172.500         -40.650           0.000
67092                            172.600         -40.650           0.000
68092                            172.700         -40.650           0.000
69092                            172.800         -40.650           0.000
70092                            172.900         -40.650           0.000
71092                            173.000         -40.650           0.000
72092                            173.100         -40.650           0.000
73092                            173.200         -40.650           0.000
78092                            173.700         -40.650           0.000
79092                            173.800         -40.650           0.000
80092                            173.900         -40.650           0.000
81092                            174.000         -40.650           0.000
82092                            174.100         -40.650           0.000
83092                            174.200         -40.650           0.000
90092                            174.900         -40.650           0.000
91092                            175.000         -40.650           0.000
92092                            175.100         -40.650           0.000
93092                            175.200         -40.650           0.000
94092                            175.300         -40.650           0.000
95092                            175.400         -40.650           0.000
96092                            175.500         -40.650           0.000
97092                            175.600         -40.650           0.000
98092                            175.700         -40.650           0.000
99092                            175.800         -40.650           0.000
100092                           175.900         -40.650           0.000
101092                           176.000         -40.650           0.000
102092                           176.100         -40.650           0.000
103092                           176.200         -40.650           0.000
104092                           176.300         -40.650           0.000
105092                           176.400         -40.650           0.000
106092                           176.500         -40.650           0.000
107092                           176.600         -40.650           0.000
108092                           176.700         -40.650           0.000
63093                            172.200         -40.575           0.000
64093                            172.300         -40.575           0.000
65093                            172.400         -40.575           0.000
66093                            172.500         -40.575           0.000
67093                            172.600         -40.575           0.000
68093                            172.700         -40.575           0.000
69093                            172.800         -40.575           0.000
70093                            172.900         -40.575           0.000
71093                            173.000         -40.575           0.000
72093                            173.100         -40.575           0.000
73093                            173.200         -40.575           0.000
79093                            173.800         -40.575           0.000
80093                            173.900         -40.575           0.000
97090                            175.600         -40.800           0.000
98090                            175.700         -40.800           0.000
99090                            175.800         -40.800           0.000
100090                           175.900         -40.800           0.000
101090                           176.000         -40.800           0.000
102090                           176.100         -40.800           0.000
103090                           176.200         -40.800           0.000
104090                           176.300         -40.800           0.000
105090                           176.400         -40.800           0.000
106090                           176.500         -40.800           0.000
61091                            172.000         -40.725           0.000
62091                            172.100         -40.725           0.000
63091                            172.200         -40.725           0.000
64091                            172.300         -40.725           0.000
65091                            172.400         -40.725           0.000
66091                            172.500         -40.725           0.000
67091                            172.600         -40.725           0.000
68091                            172.700         -40.725           0.000
69091                            172.800         -40.725           0.000
70091                            172.900         -40.725           0.000
71091                            173.000         -40.725           0.000
72091                            173.100         -40.725           0.000
73091                            173.200         -40.725           0.000
77091                            173.600         -40.725           0.000
78091                            173.700         -40.725           0.000
79091                            173.800         -40.725           0.000
80091                            173.900         -40.725           0.000
81091                            174.000         -40.725           0.000
82091                            174.100         -40.725           0.000
83091                            174.200         -40.725           0.000
84091                            174.300         -40.725           0.000
89091                            174.800         -40.725           0.000
90091                            174.900         -40.725           0.000
91091                            175.000         -40.725           0.000
92091                            175.100         -40.725           0.000
93091                            175.200         -40.725           0.000
94091                            175.300         -40.725           0.000
95091                            175.400         -40.725           0.000
96091                            175.500         -40.725           0.000
97091                            175.600         -40.725           0.000
98091                            175.700         -40.725           0.000
99091                            175.800         -40.725           0.000
100091                           175.900         -40.725           0.000
101091                           176.000         -40.725           0.000
102091                           176.100         -40.725           0.000
103091                           176.200         -40.725           0.000
104091                           176.300         -40.725           0.000
105091                           176.400         -40.725           0.000
106091                           176.500         -40.725           0.000
107091                           176.600         -40.725           0.000
86089                            174.500         -40.875           0.000
88089                            174.700         -40.875           0.000
89089                            174.800         -40.875           0.000
90089                            174.900         -40.875           0.000
91089                            175.000         -40.875           0.000
92089                            175.100         -40.875           0.000
93089                            175.200         -40.875           0.000
94089                            175.300         -40.875           0.000
95089                            175.400         -40.875           0.000
96089                            175.500         -40.875           0.000
97089                            175.600         -40.875           0.000
98089                            175.700         -40.875           0.000
99089                            175.800         -40.875           0.000
100089                           175.900         -40.875           0.000
101089                           176.000         -40.875           0.000
102089                           176.100         -40.875           0.000
103089                           176.200         -40.875           0.000
104089                           176.300         -40.875           0.000
105089                           176.400         -40.875           0.000
106089                           176.500         -40.875           0.000
61090                            172.000         -40.800           0.000
62090                            172.100         -40.800           0.000
63090                            172.200         -40.800           0.000
64090                            172.300         -40.800           0.000
65090                            172.400         -40.800           0.000
66090                            172.500         -40.800           0.000
67090                            172.600         -40.800           0.000
68090                            172.700         -40.800           0.000
69090                            172.800         -40.800           0.000
70090                            172.900         -40.800           0.000
71090                            173.000         -40.800           0.000
72090                            173.100         -40.800           0.000
73090                            173.200         -40.800           0.000
77090                            173.600         -40.800           0.000
78090                            173.700         -40.800           0.000
79090                            173.800         -40.800           0.000
80090                            173.900         -40.800           0.000
81090                            174.000         -40.800           0.000
82090                            174.100         -40.800           0.000
83090                            174.200         -40.800           0.000
84090                            174.300         -40.800           0.000
88090                            174.700         -40.800           0.000
89090                            174.800         -40.800           0.000
90090                            174.900         -40.800           0.000
91090                            175.000         -40.800           0.000
92090                            175.100         -40.800           0.000
93090                            175.200         -40.800           0.000
94090                            175.300         -40.800           0.000
95090                            175.400         -40.800           0.000
96090                            175.500         -40.800           0.000
80088                            173.900         -40.950           0.000
81088                            174.000         -40.950           0.000
82088                            174.100         -40.950           0.000
83088                            174.200         -40.950           0.000
84088                            174.300         -40.950           0.000
85088                            174.400         -40.950           0.000
86088                            174.500         -40.950           0.000
87088                            174.600         -40.950           0.000
88088                            174.700         -40.950           0.000
89088                            174.800         -40.950           0.000
90088                            174.900         -40.950           0.000
91088                            175.000         -40.950           0.000
92088                            175.100         -40.950           0.000
93088                            175.200         -40.950           0.000
94088                            175.300         -40.950           0.000
95088                            175.400         -40.950           0.000
96088                            175.500         -40.950           0.000
97088                            175.600         -40.950           0.000
98088                            175.700         -40.950           0.000
99088                            175.800         -40.950           0.000
100088                           175.900         -40.950           0.000
101088                           176.000         -40.950           0.000
102088                           176.100         -40.950           0.000
103088                           176.200         -40.950           0.000
104088                           176.300         -40.950           0.000
105088                           176.400         -40.950           0.000
60089                            171.900         -40.875           0.000
61089                            172.000         -40.875           0.000
62089                            172.100         -40.875           0.000
63089                            172.200         -40.875           0.000
64089                            172.300         -40.875           0.000
65089                            172.400         -40.875           0.000
66089                            172.500         -40.875           0.000
67089                            172.600         -40.875           0.000
68089                            172.700         -40.875           0.000
69089                            172.800         -40.875           0.000
70089                            172.900         -40.875           0.000
71089                            173.000         -40.875           0.000
72089                            173.100         -40.875           0.000
73089                            173.200         -40.875           0.000
74089                            173.300         -40.875           0.000
77089                            173.600         -40.875           0.000
78089                            173.700         -40.875           0.000
79089                            173.800         -40.875           0.000
80089                            173.900         -40.875           0.000
81089                            174.000         -40.875           0.000
82089                            174.100         -40.875           0.000
83089                            174.200         -40.875           0.000
84089                            174.300         -40.875           0.000
85089                            174.400         -40.875           0.000
76087                            173.500         -41.025           0.000
77087                            173.600         -41.025           0.000
78087                            173.700         -41.025           0.000
79087                            173.800         -41.025           0.000
80087                            173.900         -41.025           0.000
81087                            174.000         -41.025           0.000
82087                            174.100         -41.025           0.000
83087                            174.200         -41.025           0.000
84087                            174.300         -41.025           0.000
85087                            174.400         -41.025           0.000
86087                            174.500         -41.025           0.000
87087                            174.600         -41.025           0.000
88087                            174.700         -41.025           0.000
89087                            174.800         -41.025           0.000
90087                            174.900         -41.025           0.000
91087                            175.000         -41.025           0.000
92087                            175.100         -41.025           0.000
93087                            175.200         -41.025           0.000
94087                            175.300         -41.025           0.000
95087                            175.400         -41.025           0.000
96087                            175.500         -41.025           0.000
97087                            175.600         -41.025           0.000
98087                            175.700         -41.025           0.000
99087                            175.800         -41.025           0.000
100087                           175.900         -41.025           0.000
101087                           176.000         -41.025           0.000
102087                           176.100         -41.025           0.000
103087                           176.200         -41.025           0.000
104087                           176.300         -41.025           0.000
105087                           176.400         -41.025           0.000
60088                            171.900         -40.950           0.000
61088                            172.000         -40.950           0.000
62088                            172.100         -40.950           0.000
63088                            172.200         -40.950           0.000
64088                            172.300         -40.950           0.000
65088                            172.400         -40.950           0.000
66088                            172.500         -40.950           0.000
67088                            172.600         -40.950           0.000
68088                            172.700         -40.950           0.000
69088                            172.800         -40.950           0.000
70088                            172.900         -40.950           0.000
71088                            173.000         -40.950           0.000
72088                            173.100         -40.950           0.000
73088                            173.200         -40.950           0.000
74088                            173.300         -40.950           0.000
75088                            173.400         -40.950           0.000
76088                            173.500         -40.950           0.000
77088                            173.600         -40.950           0.000
78088                            173.700         -40.950           0.000
79088                            173.800         -40.950           0.000
71086                            173.000         -41.100           0.000
72086                            173.100         -41.100           0.000
73086                            173.200         -41.100           0.000
74086                            173.300         -41.100           0.000
75086                            173.400         -41.100           0.000
76086                            173.500         -41.100           0.000
77086                            173.600         -41.100           0.000
78086                            173.700         -41.100           0.000
79086                            173.800         -41.100           0.000
80086                            173.900         -41.100           0.000
81086                            174.000         -41.100           0.000
82086                            174.100         -41.100           0.000
83086                            174.200         -41.100           0.000
84086                            174.300         -41.100           0.000
85086                            174.400         -41.100           0.000
86086                            174.500         -41.100           0.000
87086                            174.600         -41.100           0.000
88086                            174.700         -41.100           0.000
89086                            174.800         -41.100           0.000
90086                            174.900         -41.100           0.000
91086                            175.000         -41.100           0.000
92086                            175.100         -41.100           0.000
93086                            175.200         -41.100           0.000
94086                            175.300         -41.100           0.000
95086                            175.400         -41.100           0.000
96086                            175.500         -41.100           0.000
97086                            175.600         -41.100           0.000
98086                            175.700         -41.100           0.000
99086                            175.800         -41.100           0.000
100086                           175.900         -41.100           0.000
101086                           176.000         -41.100           0.000
102086                           176.100         -41.100           0.000
103086                           176.200         -41.100           0.000
104086                           176.300         -41.100           0.000
60087                            171.900         -41.025           0.000
61087                            172.000         -41.025           0.000
62087                            172.100         -41.025           0.000
63087                            172.200         -41.025           0.000
64087                            172.300         -41.025           0.000
65087                            172.400         -41.025           0.000
66087                            172.500         -41.025           0.000
67087                            172.600         -41.025           0.000
68087                            172.700         -41.025           0.000
69087                            172.800         -41.025           0.000
70087                            172.900         -41.025           0.000
71087                            173.000         -41.025           0.000
72087                            173.100         -41.025           0.000
73087                            173.200         -41.025           0.000
74087                            173.300         -41.025           0.000
75087                            173.400         -41.025           0.000
65085                            172.400         -41.175           0.000
66085                            172.500         -41.175           0.000
67085                            172.600         -41.175           0.000
68085                            172.700         -41.175           0.000
69085                            172.800         -41.175           0.000
70085                            172.900         -41.175           0.000
71085                            173.000         -41.175           0.000
72085                            173.100         -41.175           0.000
73085                            173.200         -41.175           0.000
74085                            173.300         -41.175           0.000
75085                            173.400         -41.175           0.000
76085                            173.500         -41.175           0.000
77085                            173.600         -41.175           0.000
78085                            173.700         -41.175           0.000
79085                            173.800         -41.175           0.000
80085                            173.900         -41.175           0.000
81085                            174.000         -41.175           0.000
82085                            174.100         -41.175           0.000
83085                            174.200         -41.175           0.000
84085                            174.300         -41.175           0.000
85085                            174.400         -41.175           0.000
86085                            174.500         -41.175           0.000
87085                            174.600         -41.175           0.000
88085                            174.700         -41.175           0.000
89085                            174.800         -41.175           0.000
90085                            174.900         -41.175           0.000
91085                            175.000         -41.175           0.000
92085                            175.100         -41.175           0.000
93085                            175.200         -41.175           0.000
94085                            175.300         -41.175           0.000
95085                            175.400         -41.175           0.000
96085                            175.500         -41.175           0.000
97085                            175.600         -41.175           0.000
98085                            175.700         -41.175           0.000
99085                            175.800         -41.175           0.000
100085                           175.900         -41.175           0.000
101085                           176.000         -41.175           0.000
102085                           176.100         -41.175           0.000
103085                           176.200         -41.175           0.000
60086                            171.900         -41.100           0.000
61086                            172.000         -41.100           0.000
62086                            172.100         -41.100           0.000
63086                            172.200         -41.100           0.000
64086                            172.300         -41.100           0.000
65086                            172.400         -41.100           0.000
66086                            172.500         -41.100           0.000
67086                            172.600         -41.100           0.000
68086                            172.700         -41.100           0.000
69086                            172.800         -41.100           0.000
70086                            172.900         -41.100           0.000
102083                           176.100         -41.325           0.000
60084                            171.900         -41.250           0.000
61084                            172.000         -41.250           0.000
62084                            172.100         -41.250           0.000
63084                            172.200         -41.250           0.000
64084                            172.300         -41.250           0.000
65084                            172.400         -41.250           0.000
66084                            172.500         -41.250           0.000
67084                            172.600         -41.250           0.000
68084                            172.700         -41.250           0.000
69084                            172.800         -41.250           0.000
70084                            172.900         -41.250           0.000
71084                            173.000         -41.250           0.000
72084                            173.100         -41.250           0.000
73084                            173.200         -41.250           0.000
74084                            173.300         -41.250           0.000
75084                            173.400         -41.250           0.000
76084                            173.500         -41.250           0.000
77084                            173.600         -41.250           0.000
78084                            173.700         -41.250           0.000
79084                            173.800         -41.250           0.000
80084                            173.900         -41.250           0.000
81084                            174.000         -41.250           0.000
82084                            174.100         -41.250           0.000
83084                            174.200         -41.250           0.000
84084                            174.300         -41.250           0.000
85084                            174.400         -41.250           0.000
86084                            174.500         -41.250           0.000
87084                            174.600         -41.250           0.000
88084                            174.700         -41.250           0.000
89084                            174.800         -41.250           0.000
90084                            174.900         -41.250           0.000
91084                            175.000         -41.250           0.000
92084                            175.100         -41.250           0.000
93084                            175.200         -41.250           0.000
94084                            175.300         -41.250           0.000
95084                            175.400         -41.250           0.000
96084                            175.500         -41.250           0.000
97084                            175.600         -41.250           0.000
98084                            175.700         -41.250           0.000
99084                            175.800         -41.250           0.000
100084                           175.900         -41.250           0.000
101084                           176.000         -41.250           0.000
102084                           176.100         -41.250           0.000
103084                           176.200         -41.250           0.000
60085                            171.900         -41.175           0.000
61085                            172.000         -41.175           0.000
62085                            172.100         -41.175           0.000
63085                            172.200         -41.175           0.000
64085                            172.300         -41.175           0.000
96082                            175.500         -41.400           0.000
97082                            175.600         -41.400           0.000
98082                            175.700         -41.400           0.000
99082                            175.800         -41.400           0.000
100082                           175.900         -41.400           0.000
101082                           176.000         -41.400           0.000
102082                           176.100         -41.400           0.000
59083                            171.800         -41.325           0.000
60083                            171.900         -41.325           0.000
61083                            172.000         -41.325           0.000
62083                            172.100         -41.325           0.000
63083                            172.200         -41.325           0.000
64083                            172.300         -41.325           0.000
65083                            172.400         -41.325           0.000
66083                            172.500         -41.325           0.000
67083                            172.600         -41.325           0.000
68083                            172.700         -41.325           0.000
69083                            172.800         -41.325           0.000
70083                            172.900         -41.325           0.000
71083                            173.000         -41.325           0.000
72083                            173.100         -41.325           0.000
73083                            173.200         -41.325           0.000
74083                            173.300         -41.325           0.000
75083                            173.400         -41.325           0.000
76083                            173.500         -41.325           0.000
77083                            173.600         -41.325           0.000
78083                            173.700         -41.325           0.000
79083                            173.800         -41.325           0.000
80083                            173.900         -41.325           0.000
81083                            174.000         -41.325           0.000
82083                            174.100         -41.325           0.000
83083                            174.200         -41.325           0.000
84083                            174.300         -41.325           0.000
85083                            174.400         -41.325           0.000
86083                            174.500         -41.325           0.000
87083                            174.600         -41.325           0.000
88083                            174.700         -41.325           0.000
89083                            174.800         -41.325           0.000
90083                            174.900         -41.325           0.000
91083                            175.000         -41.325           0.000
92083                            175.100         -41.325           0.000
93083                            175.200         -41.325           0.000
94083                            175.300         -41.325           0.000
95083                            175.400         -41.325           0.000
96083                            175.500         -41.325           0.000
97083                            175.600         -41.325           0.000
98083                            175.700         -41.325           0.000
99083                            175.800         -41.325           0.000
100083                           175.900         -41.325           0.000
101083                           176.000         -41.325           0.000
89081                            174.800         -41.475           0.000
90081                            174.900         -41.475           0.000
91081                            175.000         -41.475           0.000
92081                            175.100         -41.475           0.000
93081                            175.200         -41.475           0.000
94081                            175.300         -41.475           0.000
95081                            175.400         -41.475           0.000
96081                            175.500         -41.475           0.000
97081                            175.600         -41.475           0.000
98081                            175.700         -41.475           0.000
99081                            175.800         -41.475           0.000
100081                           175.900         -41.475           0.000
101081                           176.000         -41.475           0.000
59082                            171.800         -41.400           0.000
60082                            171.900         -41.400           0.000
61082                            172.000         -41.400           0.000
62082                            172.100         -41.400           0.000
63082                            172.200         -41.400           0.000
64082                            172.300         -41.400           0.000
65082                            172.400         -41.400           0.000
66082                            172.500         -41.400           0.000
67082                            172.600         -41.400           0.000
68082                            172.700         -41.400           0.000
69082                            172.800         -41.400           0.000
70082                            172.900         -41.400           0.000
71082                            173.000         -41.400           0.000
72082                            173.100         -41.400           0.000
73082                            173.200         -41.400           0.000
74082                            173.300         -41.400           0.000
75082                            173.400         -41.400           0.000
76082                            173.500         -41.400           0.000
77082                            173.600         -41.400           0.000
78082                            173.700         -41.400           0.000
79082                            173.800         -41.400           0.000
80082                            173.900         -41.400           0.000
81082                            174.000         -41.400           0.000
82082                            174.100         -41.400           0.000
83082                            174.200         -41.400           0.000
84082                            174.300         -41.400           0.000
85082                            174.400         -41.400           0.000
86082                            174.500         -41.400           0.000
87082                            174.600         -41.400           0.000
88082                            174.700         -41.400           0.000
89082                            174.800         -41.400           0.000
90082                            174.900         -41.400           0.000
91082                            175.000         -41.400           0.000
92082                            175.100         -41.400           0.000
93082                            175.200         -41.400           0.000
94082                            175.300         -41.400           0.000
95082                            175.400         -41.400           0.000
78080                            173.700         -41.550           0.000
79080                            173.800         -41.550           0.000
80080                            173.900         -41.550           0.000
81080                            174.000         -41.550           0.000
82080                            174.100         -41.550           0.000
83080                            174.200         -41.550           0.000
84080                            174.300         -41.550           0.000
85080                            174.400         -41.550           0.000
88080                            174.700         -41.550           0.000
89080                            174.800         -41.550           0.000
90080                            174.900         -41.550           0.000
91080                            175.000         -41.550           0.000
92080                            175.100         -41.550           0.000
93080                            175.200         -41.550           0.000
94080                            175.300         -41.550           0.000
95080                            175.400         -41.550           0.000
96080                            175.500         -41.550           0.000
97080                            175.600         -41.550           0.000
98080                            175.700         -41.550           0.000
99080                            175.800         -41.550           0.000
58081                            171.700         -41.475           0.000
59081                            171.800         -41.475           0.000
60081                            171.900         -41.475           0.000
61081                            172.000         -41.475           0.000
62081                            172.100         -41.475           0.000
63081                            172.200         -41.475           0.000
64081                            172.300         -41.475           0.000
65081                            172.400         -41.475           0.000
66081                            172.500         -41.475           0.000
67081                            172.600         -41.475           0.000
68081                            172.700         -41.475           0.000
69081                            172.800         -41.475           0.000
70081                            172.900         -41.475           0.000
71081                            173.000         -41.475           0.000
72081                            173.100         -41.475           0.000
73081                            173.200         -41.475           0.000
74081                            173.300         -41.475           0.000
75081                            173.400         -41.475           0.000
76081                            173.500         -41.475           0.000
77081                            173.600         -41.475           0.000
78081                            173.700         -41.475           0.000
79081                            173.800         -41.475           0.000
80081                            173.900         -41.475           0.000
81081                            174.000         -41.475           0.000
82081                            174.100         -41.475           0.000
83081                            174.200         -41.475           0.000
84081                            174.300         -41.475           0.000
86081                            174.500         -41.475           0.000
87081                            174.600         -41.475           0.000
88081                            174.700         -41.475           0.000
68079                            172.700         -41.625           0.000
69079                            172.800         -41.625           0.000
70079                            172.900         -41.625           0.000
71079                            173.000         -41.625           0.000
72079                            173.100         -41.625           0.000
73079                            173.200         -41.625           0.000
74079                            173.300         -41.625           0.000
75079                            173.400         -41.625           0.000
76079                            173.500         -41.625           0.000
77079                            173.600         -41.625           0.000
78079                            173.700         -41.625           0.000
79079                            173.800         -41.625           0.000
80079                            173.900         -41.625           0.000
81079                            174.000         -41.625           0.000
82079                            174.100         -41.625           0.000
83079                            174.200         -41.625           0.000
84079                            174.300         -41.625           0.000
85079                            174.400         -41.625           0.000
90079                            174.900         -41.625           0.000
91079                            175.000         -41.625           0.000
92079                            175.100         -41.625           0.000
93079                            175.200         -41.625           0.000
94079                            175.300         -41.625           0.000
95079                            175.400         -41.625           0.000
96079                            175.500         -41.625           0.000
97079                            175.600         -41.625           0.000
98079                            175.700         -41.625           0.000
55080                            171.400         -41.550           0.000
56080                            171.500         -41.550           0.000
57080                            171.600         -41.550           0.000
58080                            171.700         -41.550           0.000
59080                            171.800         -41.550           0.000
60080                            171.900         -41.550           0.000
61080                            172.000         -41.550           0.000
62080                            172.100         -41.550           0.000
63080                            172.200         -41.550           0.000
64080                            172.300         -41.550           0.000
65080                            172.400         -41.550           0.000
66080                            172.500         -41.550           0.000
67080                            172.600         -41.550           0.000
68080                            172.700         -41.550           0.000
69080                            172.800         -41.550           0.000
70080                            172.900         -41.550           0.000
71080                            173.000         -41.550           0.000
72080                            173.100         -41.550           0.000
73080                            173.200         -41.550           0.000
74080                            173.300         -41.550           0.000
75080                            173.400         -41.550           0.000
76080                            173.500         -41.550           0.000
77080                            173.600         -41.550           0.000
62062                            172.100         -42.900           0.000
63062                            172.200         -42.900           0.000
64062                            172.300         -42.900           0.000
65062                            172.400         -42.900           0.000
66062                            172.500         -42.900           0.000
67062                            172.600         -42.900           0.000
68062                            172.700         -42.900           0.000
69062                            172.800         -42.900           0.000
70062                            172.900         -42.900           0.000
71062                            173.000         -42.900           0.000
72062                            173.100         -42.900           0.000
73062                            173.200         -42.900           0.000
74062                            173.300         -42.900           0.000
75062                            173.400         -42.900           0.000
76062                            173.500         -42.900           0.000
46063                            170.500         -42.825           0.000
47063                            170.600         -42.825           0.000
48063                            170.700         -42.825           0.000
49063                            170.800         -42.825           0.000
50063                            170.900         -42.825           0.000
51063                            171.000         -42.825           0.000
52063                            171.100         -42.825           0.000
53063                            171.200         -42.825           0.000
54063                            171.300         -42.825           0.000
55063                            171.400         -42.825           0.000
56063                            171.500         -42.825           0.000
57063                            171.600         -42.825           0.000
58063                            171.700         -42.825           0.000
59063                            171.800         -42.825           0.000
60063                            171.900         -42.825           0.000
61063                            172.000         -42.825           0.000
62063                            172.100         -42.825           0.000
63063                            172.200         -42.825           0.000
64063                            172.300         -42.825           0.000
65063                            172.400         -42.825           0.000
66063                            172.500         -42.825           0.000
67063                            172.600         -42.825           0.000
68063                            172.700         -42.825           0.000
69063                            172.800         -42.825           0.000
70063                            172.900         -42.825           0.000
71063                            173.000         -42.825           0.000
72063                            173.100         -42.825           0.000
73063                            173.200         -42.825           0.000
74063                            173.300         -42.825           0.000
75063                            173.400         -42.825           0.000
76063                            173.500         -42.825           0.000
77063                            173.600         -42.825           0.000
47064                            170.600         -42.750           0.000
48064                            170.700         -42.750           0.000
49064                            170.800         -42.750           0.000
45061                            170.400         -42.975           0.000
46061                            170.500         -42.975           0.000
47061                            170.600         -42.975           0.000
48061                            170.700         -42.975           0.000
49061                            170.800         -42.975           0.000
50061                            170.900         -42.975           0.000
51061                            171.000         -42.975           0.000
52061                            171.100         -42.975           0.000
53061                            171.200         -42.975           0.000
54061                            171.300         -42.975           0.000
55061                            171.400         -42.975           0.000
56061                            171.500         -42.975           0.000
57061                            171.600         -42.975           0.000
58061                            171.700         -42.975           0.000
59061                            171.800         -42.975           0.000
60061                            171.900         -42.975           0.000
61061                            172.000         -42.975           0.000
62061                            172.100         -42.975           0.000
63061                            172.200         -42.975           0.000
64061                            172.300         -42.975           0.000
65061                            172.400         -42.975           0.000
66061                            172.500         -42.975           0.000
67061                            172.600         -42.975           0.000
68061                            172.700         -42.975           0.000
69061                            172.800         -42.975           0.000
70061                            172.900         -42.975           0.000
71061                            173.000         -42.975           0.000
72061                            173.100         -42.975           0.000
73061                            173.200         -42.975           0.000
74061                            173.300         -42.975           0.000
75061                            173.400         -42.975           0.000
76061                            173.500         -42.975           0.000
44062                            170.300         -42.900           0.000
45062                            170.400         -42.900           0.000
46062                            170.500         -42.900           0.000
47062                            170.600         -42.900           0.000
48062                            170.700         -42.900           0.000
49062                            170.800         -42.900           0.000
50062                            170.900         -42.900           0.000
51062                            171.000         -42.900           0.000
52062                            171.100         -42.900           0.000
53062                            171.200         -42.900           0.000
54062                            171.300         -42.900           0.000
55062                            171.400         -42.900           0.000
56062                            171.500         -42.900           0.000
57062                            171.600         -42.900           0.000
58062                            171.700         -42.900           0.000
59062                            171.800         -42.900           0.000
60062                            171.900         -42.900           0.000
61062                            172.000         -42.900           0.000
66070                            172.500         -42.300           0.000
67070                            172.600         -42.300           0.000
68070                            172.700         -42.300           0.000
69070                            172.800         -42.300           0.000
70070                            172.900         -42.300           0.000
71070                            173.000         -42.300           0.000
72070                            173.100         -42.300           0.000
73070                            173.200         -42.300           0.000
74070                            173.300         -42.300           0.000
75070                            173.400         -42.300           0.000
76070                            173.500         -42.300           0.000
77070                            173.600         -42.300           0.000
78070                            173.700         -42.300           0.000
79070                            173.800         -42.300           0.000
80070                            173.900         -42.300           0.000
81070                            174.000         -42.300           0.000
82070                            174.100         -42.300           0.000
52071                            171.100         -42.225           0.000
53071                            171.200         -42.225           0.000
54071                            171.300         -42.225           0.000
55071                            171.400         -42.225           0.000
56071                            171.500         -42.225           0.000
57071                            171.600         -42.225           0.000
58071                            171.700         -42.225           0.000
59071                            171.800         -42.225           0.000
60071                            171.900         -42.225           0.000
61071                            172.000         -42.225           0.000
62071                            172.100         -42.225           0.000
63071                            172.200         -42.225           0.000
64071                            172.300         -42.225           0.000
65071                            172.400         -42.225           0.000
66071                            172.500         -42.225           0.000
67071                            172.600         -42.225           0.000
68071                            172.700         -42.225           0.000
69071                            172.800         -42.225           0.000
70071                            172.900         -42.225           0.000
71071                            173.000         -42.225           0.000
72071                            173.100         -42.225           0.000
73071                            173.200         -42.225           0.000
74071                            173.300         -42.225           0.000
75071                            173.400         -42.225           0.000
76071                            173.500         -42.225           0.000
77071                            173.600         -42.225           0.000
78071                            173.700         -42.225           0.000
79071                            173.800         -42.225           0.000
80071                            173.900         -42.225           0.000
81071                            174.000         -42.225           0.000
82071                            174.100         -42.225           0.000
52072                            171.100         -42.150           0.000
53072                            171.200         -42.150           0.000
54072                            171.300         -42.150           0.000
55072                            171.400         -42.150           0.000
56072                            171.500         -42.150           0.000
57072                            171.600         -42.150           0.000
58072                            171.700         -42.150           0.000
59072                            171.800         -42.150           0.000
60072                            171.900         -42.150           0.000
61072                            172.000         -42.150           0.000
62072                            172.100         -42.150           0.000
63072                            172.200         -42.150           0.000
64072                            172.300         -42.150           0.000
65072                            172.400         -42.150           0.000
66072                            172.500         -42.150           0.000
67072                            172.600         -42.150           0.000
68072                            172.700         -42.150           0.000
69072                            172.800         -42.150           0.000
70072                            172.900         -42.150           0.000
71072                            173.000         -42.150           0.000
72072                            173.100         -42.150           0.000
73072                            173.200         -42.150           0.000
74072                            173.300         -42.150           0.000
75072                            173.400         -42.150           0.000
76072                            173.500         -42.150           0.000
77072                            173.600         -42.150           0.000
78072                            173.700         -42.150           0.000
79072                            173.800         -42.150           0.000
80072                            173.900         -42.150           0.000
81072                            174.000         -42.150           0.000
82072                            174.100         -42.150           0.000
83072                            174.200         -42.150           0.000
52073                            171.100         -42.075           0.000
53073                            171.200         -42.075           0.000
54073                            171.300         -42.075           0.000
55073                            171.400         -42.075           0.000
56073                            171.500         -42.075           0.000
57073                            171.600         -42.075           0.000
58073                            171.700         -42.075           0.000
59073                            171.800         -42.075           0.000
60073                            171.900         -42.075           0.000
61073                            172.000         -42.075           0.000
62073                            172.100         -42.075           0.000
63073                            172.200         -42.075           0.000
64073                            172.300         -42.075           0.000
65073                            172.400         -42.075           0.000
66073                            172.500         -42.075           0.000
67073                            172.600         -42.075           0.000
68073                            172.700         -42.075           0.000
69073                            172.800         -42.075           0.000
70073                            172.900         -42.075           0.000
71073                            173.000         -42.075           0.000
59067                            171.800         -42.525           0.000
60067                            171.900         -42.525           0.000
61067                            172.000         -42.525           0.000
62067                            172.100         -42.525           0.000
63067                            172.200         -42.525           0.000
64067                            172.300         -42.525           0.000
65067                            172.400         -42.525           0.000
66067                            172.500         -42.525           0.000
67067                            172.600         -42.525           0.000
68067                            172.700         -42.525           0.000
69067                            172.800         -42.525           0.000
70067                            172.900         -42.525           0.000
71067                            173.000         -42.525           0.000
72067                            173.100         -42.525           0.000
73067                            173.200         -42.525           0.000
74067                            173.300         -42.525           0.000
75067                            173.400         -42.525           0.000
76067                            173.500         -42.525           0.000
77067                            173.600         -42.525           0.000
78067                            173.700         -42.525           0.000
79067                            173.800         -42.525           0.000
80067                            173.900         -42.525           0.000
50068                            170.900         -42.450           0.000
51068                            171.000         -42.450           0.000
52068                            171.100         -42.450           0.000
53068                            171.200         -42.450           0.000
54068                            171.300         -42.450           0.000
55068                            171.400         -42.450           0.000
56068                            171.500         -42.450           0.000
57068                            171.600         -42.450           0.000
58068                            171.700         -42.450           0.000
59068                            171.800         -42.450           0.000
60068                            171.900         -42.450           0.000
61068                            172.000         -42.450           0.000
62068                            172.100         -42.450           0.000
63068                            172.200         -42.450           0.000
64068                            172.300         -42.450           0.000
65068                            172.400         -42.450           0.000
66068                            172.500         -42.450           0.000
67068                            172.600         -42.450           0.000
68068                            172.700         -42.450           0.000
69068                            172.800         -42.450           0.000
70068                            172.900         -42.450           0.000
71068                            173.000         -42.450           0.000
72068                            173.100         -42.450           0.000
73068                            173.200         -42.450           0.000
74068                            173.300         -42.450           0.000
75068                            173.400         -42.450           0.000
76068                            173.500         -42.450           0.000
77068                            173.600         -42.450           0.000
78068                            173.700         -42.450           0.000
79068                            173.800         -42.450           0.000
80068                            173.900         -42.450           0.000
81068                            174.000         -42.450           0.000
51069                            171.000         -42.375           0.000
52069                            171.100         -42.375           0.000
53069                            171.200         -42.375           0.000
54069                            171.300         -42.375           0.000
55069                            171.400         -42.375           0.000
56069                            171.500         -42.375           0.000
57069                            171.600         -42.375           0.000
58069                            171.700         -42.375           0.000
59069                            171.800         -42.375           0.000
60069                            171.900         -42.375           0.000
61069                            172.000         -42.375           0.000
62069                            172.100         -42.375           0.000
63069                            172.200         -42.375           0.000
64069                            172.300         -42.375           0.000
65069                            172.400         -42.375           0.000
66069                            172.500         -42.375           0.000
67069                            172.600         -42.375           0.000
68069                            172.700         -42.375           0.000
69069                            172.800         -42.375           0.000
70069                            172.900         -42.375           0.000
71069                            173.000         -42.375           0.000
72069                            173.100         -42.375           0.000
73069                            173.200         -42.375           0.000
74069                            173.300         -42.375           0.000
75069                            173.400         -42.375           0.000
76069                            173.500         -42.375           0.000
77069                            173.600         -42.375           0.000
78069                            173.700         -42.375           0.000
79069                            173.800         -42.375           0.000
80069                            173.900         -42.375           0.000
81069                            174.000         -42.375           0.000
51070                            171.000         -42.300           0.000
52070                            171.100         -42.300           0.000
53070                            171.200         -42.300           0.000
54070                            171.300         -42.300           0.000
55070                            171.400         -42.300           0.000
56070                            171.500         -42.300           0.000
57070                            171.600         -42.300           0.000
58070                            171.700         -42.300           0.000
59070                            171.800         -42.300           0.000
60070                            171.900         -42.300           0.000
61070                            172.000         -42.300           0.000
62070                            172.100         -42.300           0.000
63070                            172.200         -42.300           0.000
64070                            172.300         -42.300           0.000
65070                            172.400         -42.300           0.000
50064                            170.900         -42.750           0.000
51064                            171.000         -42.750           0.000
52064                            171.100         -42.750           0.000
53064                            171.200         -42.750           0.000
54064                            171.300         -42.750           0.000
55064                            171.400         -42.750           0.000
56064                            171.500         -42.750           0.000
57064                            171.600         -42.750           0.000
58064                            171.700         -42.750           0.000
59064                            171.800         -42.750           0.000
60064                            171.900         -42.750           0.000
61064                            172.000         -42.750           0.000
62064                            172.100         -42.750           0.000
63064                            172.200         -42.750           0.000
64064                            172.300         -42.750           0.000
65064                            172.400         -42.750           0.000
66064                            172.500         -42.750           0.000
67064                            172.600         -42.750           0.000
68064                            172.700         -42.750           0.000
69064                            172.800         -42.750           0.000
70064                            172.900         -42.750           0.000
71064                            173.000         -42.750           0.000
72064                            173.100         -42.750           0.000
73064                            173.200         -42.750           0.000
74064                            173.300         -42.750           0.000
75064                            173.400         -42.750           0.000
76064                            173.500         -42.750           0.000
77064                            173.600         -42.750           0.000
48065                            170.700         -42.675           0.000
49065                            170.800         -42.675           0.000
50065                            170.900         -42.675           0.000
51065                            171.000         -42.675           0.000
52065                            171.100         -42.675           0.000
53065                            171.200         -42.675           0.000
54065                            171.300         -42.675           0.000
55065                            171.400         -42.675           0.000
56065                            171.500         -42.675           0.000
57065                            171.600         -42.675           0.000
58065                            171.700         -42.675           0.000
59065                            171.800         -42.675           0.000
60065                            171.900         -42.675           0.000
61065                            172.000         -42.675           0.000
62065                            172.100         -42.675           0.000
63065                            172.200         -42.675           0.000
64065                            172.300         -42.675           0.000
65065                            172.400         -42.675           0.000
66065                            172.500         -42.675           0.000
67065                            172.600         -42.675           0.000
68065                            172.700         -42.675           0.000
69065                            172.800         -42.675           0.000
70065                            172.900         -42.675           0.000
71065                            173.000         -42.675           0.000
72065                            173.100         -42.675           0.000
73065                            173.200         -42.675           0.000
74065                            173.300         -42.675           0.000
75065                            173.400         -42.675           0.000
76065                            173.500         -42.675           0.000
77065                            173.600         -42.675           0.000
78065                            173.700         -42.675           0.000
49066                            170.800         -42.600           0.000
50066                            170.900         -42.600           0.000
51066                            171.000         -42.600           0.000
52066                            171.100         -42.600           0.000
53066                            171.200         -42.600           0.000
54066                            171.300         -42.600           0.000
55066                            171.400         -42.600           0.000
56066                            171.500         -42.600           0.000
57066                            171.600         -42.600           0.000
58066                            171.700         -42.600           0.000
59066                            171.800         -42.600           0.000
60066                            171.900         -42.600           0.000
61066                            172.000         -42.600           0.000
62066                            172.100         -42.600           0.000
63066                            172.200         -42.600           0.000
64066                            172.300         -42.600           0.000
65066                            172.400         -42.600           0.000
66066                            172.500         -42.600           0.000
67066                            172.600         -42.600           0.000
68066                            172.700         -42.600           0.000
69066                            172.800         -42.600           0.000
70066                            172.900         -42.600           0.000
71066                            173.000         -42.600           0.000
72066                            173.100         -42.600           0.000
73066                            173.200         -42.600           0.000
74066                            173.300         -42.600           0.000
75066                            173.400         -42.600           0.000
76066                            173.500         -42.600           0.000
77066                            173.600         -42.600           0.000
78066                            173.700         -42.600           0.000
79066                            173.800         -42.600           0.000
49067                            170.800         -42.525           0.000
50067                            170.900         -42.525           0.000
51067                            171.000         -42.525           0.000
52067                            171.100         -42.525           0.000
53067                            171.200         -42.525           0.000
54067                            171.300         -42.525           0.000
55067                            171.400         -42.525           0.000
56067                            171.500         -42.525           0.000
57067                            171.600         -42.525           0.000
58067                            171.700         -42.525           0.000
45058                            170.400         -43.200           0.000
46058                            170.500         -43.200           0.000
47058                            170.600         -43.200           0.000
48058                            170.700         -43.200           0.000
49058                            170.800         -43.200           0.000
50058                            170.900         -43.200           0.000
51058                            171.000         -43.200           0.000
52058                            171.100         -43.200           0.000
53058                            171.200         -43.200           0.000
54058                            171.300         -43.200           0.000
55058                            171.400         -43.200           0.000
56058                            171.500         -43.200           0.000
57058                            171.600         -43.200           0.000
58058                            171.700         -43.200           0.000
59058                            171.800         -43.200           0.000
60058                            171.900         -43.200           0.000
61058                            172.000         -43.200           0.000
62058                            172.100         -43.200           0.000
63058                            172.200         -43.200           0.000
64058                            172.300         -43.200           0.000
65058                            172.400         -43.200           0.000
66058                            172.500         -43.200           0.000
67058                            172.600         -43.200           0.000
68058                            172.700         -43.200           0.000
69058                            172.800         -43.200           0.000
70058                            172.900         -43.200           0.000
71058                            173.000         -43.200           0.000
72058                            173.100         -43.200           0.000
73058                            173.200         -43.200           0.000
40059                            169.900         -43.125           0.000
41059                            170.000         -43.125           0.000
42059                            170.100         -43.125           0.000
43059                            170.200         -43.125           0.000
44059                            170.300         -43.125           0.000
45059                            170.400         -43.125           0.000
46059                            170.500         -43.125           0.000
47059                            170.600         -43.125           0.000
48059                            170.700         -43.125           0.000
49059                            170.800         -43.125           0.000
50059                            170.900         -43.125           0.000
51059                            171.000         -43.125           0.000
52059                            171.100         -43.125           0.000
53059                            171.200         -43.125           0.000
54059                            171.300         -43.125           0.000
55059                            171.400         -43.125           0.000
56059                            171.500         -43.125           0.000
57059                            171.600         -43.125           0.000
58059                            171.700         -43.125           0.000
59059                            171.800         -43.125           0.000
60059                            171.900         -43.125           0.000
61059                            172.000         -43.125           0.000
62059                            172.100         -43.125           0.000
63059                            172.200         -43.125           0.000
64059                            172.300         -43.125           0.000
65059                            172.400         -43.125           0.000
66059                            172.500         -43.125           0.000
67059                            172.600         -43.125           0.000
68059                            172.700         -43.125           0.000
69059                            172.800         -43.125           0.000
70059                            172.900         -43.125           0.000
71059                            173.000         -43.125           0.000
72059                            173.100         -43.125           0.000
73059                            173.200         -43.125           0.000
74059                            173.300         -43.125           0.000
42060                            170.100         -43.050           0.000
43060                            170.200         -43.050           0.000
44060                            170.300         -43.050           0.000
45060                            170.400         -43.050           0.000
46060                            170.500         -43.050           0.000
47060                            170.600         -43.050           0.000
48060                            170.700         -43.050           0.000
49060                            170.800         -43.050           0.000
50060                            170.900         -43.050           0.000
51060                            171.000         -43.050           0.000
52060                            171.100         -43.050           0.000
53060                            171.200         -43.050           0.000
54060                            171.300         -43.050           0.000
55060                            171.400         -43.050           0.000
56060                            171.500         -43.050           0.000
57060                            171.600         -43.050           0.000
58060                            171.700         -43.050           0.000
59060                            171.800         -43.050           0.000
60060                            171.900         -43.050           0.000
61060                            172.000         -43.050           0.000
62060                            172.100         -43.050           0.000
63060                            172.200         -43.050           0.000
64060                            172.300         -43.050           0.000
65060                            172.400         -43.050           0.000
66060                            172.500         -43.050           0.000
67060                            172.600         -43.050           0.000
68060                            172.700         -43.050           0.000
69060                            172.800         -43.050           0.000
70060                            172.900         -43.050           0.000
71060                            173.000         -43.050           0.000
72060                            173.100         -43.050           0.000
73060                            173.200         -43.050           0.000
74060                            173.300         -43.050           0.000
75060                            173.400         -43.050           0.000
43061                            170.200         -42.975           0.000
44061                            170.300         -42.975           0.000
49055                            170.800         -43.425           0.000
50055                            170.900         -43.425           0.000
51055                            171.000         -43.425           0.000
52055                            171.100         -43.425           0.000
53055                            171.200         -43.425           0.000
54055                            171.300         -43.425           0.000
55055                            171.400         -43.425           0.000
56055                            171.500         -43.425           0.000
57055                            171.600         -43.425           0.000
58055                            171.700         -43.425           0.000
59055                            171.800         -43.425           0.000
60055                            171.900         -43.425           0.000
61055                            172.000         -43.425           0.000
62055                            172.100         -43.425           0.000
63055                            172.200         -43.425           0.000
64055                            172.300         -43.425           0.000
65055                            172.400         -43.425           0.000
66055                            172.500         -43.425           0.000
67055                            172.600         -43.425           0.000
68055                            172.700         -43.425           0.000
69055                            172.800         -43.425           0.000
70055                            172.900         -43.425           0.000
172055                           183.100         -43.425           0.000
173055                           183.200         -43.425           0.000
174055                           183.300         -43.425           0.000
36056                            169.500         -43.350           0.000
37056                            169.600         -43.350           0.000
38056                            169.700         -43.350           0.000
39056                            169.800         -43.350           0.000
40056                            169.900         -43.350           0.000
41056                            170.000         -43.350           0.000
42056                            170.100         -43.350           0.000
43056                            170.200         -43.350           0.000
44056                            170.300         -43.350           0.000
45056                            170.400         -43.350           0.000
46056                            170.500         -43.350           0.000
47056                            170.600         -43.350           0.000
48056                            170.700         -43.350           0.000
49056                            170.800         -43.350           0.000
50056                            170.900         -43.350           0.000
51056                            171.000         -43.350           0.000
52056                            171.100         -43.350           0.000
53056                            171.200         -43.350           0.000
54056                            171.300         -43.350           0.000
55056                            171.400         -43.350           0.000
56056                            171.500         -43.350           0.000
57056                            171.600         -43.350           0.000
58056                            171.700         -43.350           0.000
59056                            171.800         -43.350           0.000
60056                            171.900         -43.350           0.000
61056                            172.000         -43.350           0.000
62056                            172.100         -43.350           0.000
63056                            172.200         -43.350           0.000
64056                            172.300         -43.350           0.000
65056                            172.400         -43.350           0.000
66056                            172.500         -43.350           0.000
67056                            172.600         -43.350           0.000
68056                            172.700         -43.350           0.000
69056                            172.800         -43.350           0.000
70056                            172.900         -43.350           0.000
38057                            169.700         -43.275           0.000
39057                            169.800         -43.275           0.000
40057                            169.900         -43.275           0.000
41057                            170.000         -43.275           0.000
42057                            170.100         -43.275           0.000
43057                            170.200         -43.275           0.000
44057                            170.300         -43.275           0.000
45057                            170.400         -43.275           0.000
46057                            170.500         -43.275           0.000
47057                            170.600         -43.275           0.000
48057                            170.700         -43.275           0.000
49057                            170.800         -43.275           0.000
50057                            170.900         -43.275           0.000
51057                            171.000         -43.275           0.000
52057                            171.100         -43.275           0.000
53057                            171.200         -43.275           0.000
54057                            171.300         -43.275           0.000
55057                            171.400         -43.275           0.000
56057                            171.500         -43.275           0.000
57057                            171.600         -43.275           0.000
58057                            171.700         -43.275           0.000
59057                            171.800         -43.275           0.000
60057                            171.900         -43.275           0.000
61057                            172.000         -43.275           0.000
62057                            172.100         -43.275           0.000
63057                            172.200         -43.275           0.000
64057                            172.300         -43.275           0.000
65057                            172.400         -43.275           0.000
66057                            172.500         -43.275           0.000
67057                            172.600         -43.275           0.000
68057                            172.700         -43.275           0.000
69057                            172.800         -43.275           0.000
70057                            172.900         -43.275           0.000
71057                            173.000         -43.275           0.000
39058                            169.800         -43.200           0.000
40058                            169.900         -43.200           0.000
41058                            170.000         -43.200           0.000
42058                            170.100         -43.200           0.000
43058                            170.200         -43.200           0.000
44058                            170.300         -43.200           0.000
52051                            171.100         -43.725           0.000
53051                            171.200         -43.725           0.000
54051                            171.300         -43.725           0.000
55051                            171.400         -43.725           0.000
56051                            171.500         -43.725           0.000
57051                            171.600         -43.725           0.000
58051                            171.700         -43.725           0.000
59051                            171.800         -43.725           0.000
60051                            171.900         -43.725           0.000
61051                            172.000         -43.725           0.000
62051                            172.100         -43.725           0.000
63051                            172.200         -43.725           0.000
64051                            172.300         -43.725           0.000
65051                            172.400         -43.725           0.000
66051                            172.500         -43.725           0.000
67051                            172.600         -43.725           0.000
68051                            172.700         -43.725           0.000
69051                            172.800         -43.725           0.000
70051                            172.900         -43.725           0.000
71051                            173.000         -43.725           0.000
72051                            173.100         -43.725           0.000
73051                            173.200         -43.725           0.000
74051                            173.300         -43.725           0.000
170051                           182.900         -43.725           0.000
171051                           183.000         -43.725           0.000
172051                           183.100         -43.725           0.000
173051                           183.200         -43.725           0.000
174051                           183.300         -43.725           0.000
175051                           183.400         -43.725           0.000
176051                           183.500         -43.725           0.000
177051                           183.600         -43.725           0.000
178051                           183.700         -43.725           0.000
179051                           183.800         -43.725           0.000
180051                           183.900         -43.725           0.000
181051                           184.000         -43.725           0.000
31052                            169.000         -43.650           0.000
32052                            169.100         -43.650           0.000
33052                            169.200         -43.650           0.000
34052                            169.300         -43.650           0.000
35052                            169.400         -43.650           0.000
36052                            169.500         -43.650           0.000
37052                            169.600         -43.650           0.000
38052                            169.700         -43.650           0.000
39052                            169.800         -43.650           0.000
40052                            169.900         -43.650           0.000
41052                            170.000         -43.650           0.000
42052                            170.100         -43.650           0.000
43052                            170.200         -43.650           0.000
44052                            170.300         -43.650           0.000
45052                            170.400         -43.650           0.000
46052                            170.500         -43.650           0.000
47052                            170.600         -43.650           0.000
48052                            170.700         -43.650           0.000
49052                            170.800         -43.650           0.000
50052                            170.900         -43.650           0.000
51052                            171.000         -43.650           0.000
52052                            171.100         -43.650           0.000
53052                            171.200         -43.650           0.000
54052                            171.300         -43.650           0.000
55052                            171.400         -43.650           0.000
56052                            171.500         -43.650           0.000
57052                            171.600         -43.650           0.000
58052                            171.700         -43.650           0.000
59052                            171.800         -43.650           0.000
60052                            171.900         -43.650           0.000
61052                            172.000         -43.650           0.000
62052                            172.100         -43.650           0.000
63052                            172.200         -43.650           0.000
64052                            172.300         -43.650           0.000
65052                            172.400         -43.650           0.000
66052                            172.500         -43.650           0.000
67052                            172.600         -43.650           0.000
68052                            172.700         -43.650           0.000
69052                            172.800         -43.650           0.000
70052                            172.900         -43.650           0.000
71052                            173.000         -43.650           0.000
72052                            173.100         -43.650           0.000
73052                            173.200         -43.650           0.000
74052                            173.300         -43.650           0.000
171052                           183.000         -43.650           0.000
172052                           183.100         -43.650           0.000
173052                           183.200         -43.650           0.000
174052                           183.300         -43.650           0.000
175052                           183.400         -43.650           0.000
176052                           183.500         -43.650           0.000
177052                           183.600         -43.650           0.000
178052                           183.700         -43.650           0.000
179052                           183.800         -43.650           0.000
180052                           183.900         -43.650           0.000
181052                           184.000         -43.650           0.000
32053                            169.100         -43.575           0.000
33053                            169.200         -43.575           0.000
34053                            169.300         -43.575           0.000
35053                            169.400         -43.575           0.000
36053                            169.500         -43.575           0.000
37053                            169.600         -43.575           0.000
38053                            169.700         -43.575           0.000
39053                            169.800         -43.575           0.000
40053                            169.900         -43.575           0.000
41053                            170.000         -43.575           0.000
174049                           183.300         -43.875           0.000
175049                           183.400         -43.875           0.000
176049                           183.500         -43.875           0.000
177049                           183.600         -43.875           0.000
178049                           183.700         -43.875           0.000
179049                           183.800         -43.875           0.000
180049                           183.900         -43.875           0.000
181049                           184.000         -43.875           0.000
182049                           184.100         -43.875           0.000
183049                           184.200         -43.875           0.000
184049                           184.300         -43.875           0.000
185049                           184.400         -43.875           0.000
26050                            168.500         -43.800           0.000
27050                            168.600         -43.800           0.000
28050                            168.700         -43.800           0.000
29050                            168.800         -43.800           0.000
30050                            168.900         -43.800           0.000
31050                            169.000         -43.800           0.000
32050                            169.100         -43.800           0.000
33050                            169.200         -43.800           0.000
34050                            169.300         -43.800           0.000
35050                            169.400         -43.800           0.000
36050                            169.500         -43.800           0.000
37050                            169.600         -43.800           0.000
38050                            169.700         -43.800           0.000
39050                            169.800         -43.800           0.000
40050                            169.900         -43.800           0.000
41050                            170.000         -43.800           0.000
42050                            170.100         -43.800           0.000
43050                            170.200         -43.800           0.000
44050                            170.300         -43.800           0.000
45050                            170.400         -43.800           0.000
46050                            170.500         -43.800           0.000
47050                            170.600         -43.800           0.000
48050                            170.700         -43.800           0.000
49050                            170.800         -43.800           0.000
50050                            170.900         -43.800           0.000
51050                            171.000         -43.800           0.000
52050                            171.100         -43.800           0.000
53050                            171.200         -43.800           0.000
54050                            171.300         -43.800           0.000
55050                            171.400         -43.800           0.000
56050                            171.500         -43.800           0.000
57050                            171.600         -43.800           0.000
58050                            171.700         -43.800           0.000
59050                            171.800         -43.800           0.000
60050                            171.900         -43.800           0.000
61050                            172.000         -43.800           0.000
62050                            172.100         -43.800           0.000
63050                            172.200         -43.800           0.000
64050                            172.300         -43.800           0.000
65050                            172.400         -43.800           0.000
66050                            172.500         -43.800           0.000
67050                            172.600         -43.800           0.000
68050                            172.700         -43.800           0.000
69050                            172.800         -43.800           0.000
70050                            172.900         -43.800           0.000
71050                            173.000         -43.800           0.000
72050                            173.100         -43.800           0.000
73050                            173.200         -43.800           0.000
74050                            173.300         -43.800           0.000
170050                           182.900         -43.800           0.000
171050                           183.000         -43.800           0.000
172050                           183.100         -43.800           0.000
173050                           183.200         -43.800           0.000
174050                           183.300         -43.800           0.000
175050                           183.400         -43.800           0.000
176050                           183.500         -43.800           0.000
177050                           183.600         -43.800           0.000
178050                           183.700         -43.800           0.000
179050                           183.800         -43.800           0.000
180050                           183.900         -43.800           0.000
181050                           184.000         -43.800           0.000
182050                           184.100         -43.800           0.000
183050                           184.200         -43.800           0.000
184050                           184.300         -43.800           0.000
28051                            168.700         -43.725           0.000
29051                            168.800         -43.725           0.000
30051                            168.900         -43.725           0.000
31051                            169.000         -43.725           0.000
32051                            169.100         -43.725           0.000
33051                            169.200         -43.725           0.000
34051                            169.300         -43.725           0.000
35051                            169.400         -43.725           0.000
36051                            169.500         -43.725           0.000
37051                            169.600         -43.725           0.000
38051                            169.700         -43.725           0.000
39051                            169.800         -43.725           0.000
40051                            169.900         -43.725           0.000
41051                            170.000         -43.725           0.000
42051                            170.100         -43.725           0.000
43051                            170.200         -43.725           0.000
44051                            170.300         -43.725           0.000
45051                            170.400         -43.725           0.000
46051                            170.500         -43.725           0.000
47051                            170.600         -43.725           0.000
48051                            170.700         -43.725           0.000
49051                            170.800         -43.725           0.000
50051                            170.900         -43.725           0.000
51051                            171.000         -43.725           0.000
